Time (h),X (g/L),X_lower (g/L),X_upper (g/L),X_sig_gold (g/L),S (g/L),S_lower (g/L),S_upper (g/L),S_sig_gold (g/L),P (g/L),P_lower (g/L),P_upper (g/L),P_sig_gold (g/L),M (g/L),M_lower (g/L),M_upper (g/L),M_sig_gold (g/L),O2 (mg/L),O2_lower (mg/L),O2_upper (mg/L),O2_sig_gold (mg/L),V (L)
0.0,5.0,4.8,5.2,0.1,122.99999999999997,118.07999999999997,127.91999999999997,2.4599999999999995,0.0,0.0,0.0,0.0,27.000000000000007,25.920000000000005,28.08000000000001,0.5400000000000001,6.999999999999999,6.72,7.279999999999999,0.13999999999999999,10000.0
0.15030060120240482,5.187238306749732,4.979748774479742,5.394727839019722,0.10374476613499464,123.10447638450285,118.18029732912274,128.02865543988295,2.462089527690057,0.14206527203519498,0.13638266115378717,0.1477478829166028,0.0028413054407038997,26.96988658476502,25.89109112137442,28.048682048155623,0.5393977316953005,5.76853640911117,5.537794952746723,5.999277865475617,0.1153707281822234,10018.0360721443
0.30060120240480964,5.375420948375088,5.160404110440084,5.590437786310091,0.10750841896750175,123.20686960290371,118.27859481878755,128.13514438701986,2.464137392058074,0.28489773750272707,0.27350182800261796,0.29629364700283617,0.005697954750054542,26.939827572454355,25.86223446955618,28.01742067535253,0.5387965514490871,5.76029779822263,5.529885886293724,5.990709710151535,0.1152059559644526,10036.072144288588
0.45090180360721444,5.5704445607921755,5.347626778360489,5.793262343223862,0.11140889121584352,123.30144816974752,118.36939024295762,128.2335060965374,2.4660289633949506,0.4326597564336866,0.4153533661763391,0.4499661466910341,0.008653195128673732,26.909822826962987,25.83342991388447,27.986215740041505,0.5381964565392597,5.751768710169754,5.521697961762964,5.981839458576545,0.11503537420339509,10054.108216432873
0.6012024048096193,5.772510347765486,5.5416099338548666,6.003410761676106,0.11545020695530972,123.38801521324393,118.45249460471418,128.3235358217737,2.467760304264879,0.5854977613464001,0.562077850892544,0.6089176718002561,0.011709955226928002,26.87987221270478,25.80467732419659,27.95506710121297,0.5375974442540956,5.742932003310241,5.513214723177832,5.97264928344265,0.11485864006620482,10072.14428857716
0.7515030060120241,5.981804656557309,5.742532470295017,6.221076842819602,0.11963609313114619,123.4663880887945,118.52773256524273,128.40504361234628,2.46932776177589,0.7435478606709496,0.7138059462441116,0.7732897750977875,0.014870957213418991,26.84997559460917,25.775976570824803,27.923974618393537,0.5369995118921834,5.733780216885305,5.504429008209892,5.963131425560717,0.1146756043377061,10090.180360721444
0.9018036072144289,6.198503984281725,5.950563824910456,6.446444143652994,0.1239700796856345,123.5363935248381,118.59493778384459,128.47784926583162,2.4707278704967623,0.9069393502063902,0.8706617761981346,0.9432169242146458,0.018138787004127802,26.82013283811791,25.747327524593192,27.89293815164263,0.5364026567623582,5.7243061880158335,5.4953339404951995,5.9532784355364665,0.11448612376031667,10108.21643286573
1.0521042084168337,6.422776928801695,6.165865851649627,6.679688005953762,0.1284555385760339,123.59786573553195,118.65395110611068,128.54178036495324,2.471957314710639,1.0757960764301802,1.032764233372973,1.1188279194873874,0.021515921528603602,26.790343809181795,25.718730056814522,27.86195756154907,0.5358068761836359,5.7145030243939505,5.485922903418192,5.943083145369709,0.114290060487879,10126.25250501002
1.2024048096192386,6.65478487191045,6.388593477034032,6.920976266786868,0.133095697438209,123.65064576446657,118.70461993388791,128.59667159504525,2.4730129152893316,1.2502369089232384,1.200227432566309,1.3002463852801678,0.02500473817846477,26.760608374257444,25.690184039287146,27.831032709227742,0.5352121674851489,5.704364107900761,5.476189543584731,5.932538672216792,0.11408728215801522,10144.28857715431
1.3527054108216434,6.894682045885985,6.6188947640505456,7.170469327721425,0.13789364091771972,123.69458142740221,118.74679817030612,128.6423646844983,2.4738916285480443,1.4303757794860195,1.3731607483065786,1.4875908106654603,0.02860751558972039,26.730926400304163,25.661689344291997,27.80016345631633,0.5346185280060832,5.693883111784714,5.466127787313326,5.921638436256103,0.1138776622356943,10162.324649298598
1.5030060120240483,7.142615273638092,6.856910662692568,7.428319884583615,0.14285230547276184,123.72952757237832,118.78034646948318,128.67870867527344,2.4745905514475663,1.6163214917651316,1.5516686320945263,1.680974351435737,0.032326429835302636,26.70129775478072,25.633245844589492,27.76934966497195,0.5340259550956145,5.683054023916738,5.455731862960069,5.9103761848734075,0.11366108047833477,10180.360721442887
1.6533066132264531,7.398723524606363,7.102774583622109,7.694672465590617,0.14797447049212728,123.75534651924751,118.8051326584776,128.7055603800174,2.47510693038495,1.8081774011959009,1.735850305148065,1.8805044972437368,0.03616354802391802,26.67172230564227,25.604853413416578,27.73859119786796,0.5334344461128454,5.671871174024819,5.444996327063826,5.898746020985812,0.11343742348049639,10198.396793587175
1.8036072144288577,7.663137348616577,7.356611854671915,7.96966284256124,0.15326274697233155,123.77190861831286,118.82103227358034,128.72278496304537,2.4754381723662573,2.0060410088909695,1.9257993685353307,2.0862826492466082,0.04012082017781939,26.64219992133723,25.57651192448374,27.70788791819072,0.5328439984267446,5.660329262043863,5.433916091562108,5.886742432525617,0.11320658524087726,10216.432865731464
1.9539078156312626,7.935978241549991,7.6185391118879915,8.253417371211992,0.15871956483099983,123.77909287581952,118.82792916078674,128.7302565908523,2.4755818575163904,2.210003507254321,2.1216033669641483,2.298403647544494,0.04420007014508642,26.61273047080423,25.548221251972063,27.677239689636398,0.5322546094160846,5.648423383853956,5.422486448499797,5.874360319208114,0.11296846767707912,10234.468937875752
2.1042084168336674,8.217357966753553,7.888663648083411,8.546052285423695,0.16434715933507107,123.77678762306363,118.82571611814109,128.72785912798616,2.4755357524612727,2.420149294119549,2.3233433223547673,2.516955265884331,0.04840298588239098,26.583313823469048,25.519981270530288,27.64664637640781,0.5316662764693809,5.636149092981838,5.410703129262564,5.861595056701111,0.11272298185963675,10252.50501002004
2.2545090180360723,8.507377848913949,8.167082734957392,8.847672962870506,0.170147556978279,123.76489121293483,118.81429556441744,128.71548686145223,2.4752978242586967,2.6365554671324407,2.531093248447143,2.7420176858177383,0.05273110934264882,26.553949849241636,25.49179185527197,27.616107843211303,0.5310789969848327,5.6235023874270755,5.398562291929992,5.848442482924159,0.11247004774854151,10270.54108216433
2.404809619238477,8.806128055559817,8.453882933337425,9.15837317778221,0.17612256111119634,123.74331272917324,118.7935802200063,128.69304523834018,2.474866254583465,2.8592913090173373,2.7449196566566436,2.973662961378031,0.05718582618034675,26.5246384185131,25.463652881772575,27.585623955253624,0.530492768370262,5.610479777859551,5.3860605867451685,5.834898968973933,0.11220959555719101,10288.57715430862
2.555110220440882,9.113686879847332,8.74913940465344,9.478234355041225,0.18227373759694665,123.71197269504233,118.76349378724063,128.66045160284403,2.4742394539008465,3.088417773349038,2.9648810624150763,3.2119544842829995,0.06176835546698076,26.495379402152757,25.435564226066646,27.55519457823887,0.5299075880430552,5.597078307927824,5.373195175610711,5.820961440244937,0.11194156615855648,10306.613226452908
2.705410821643287,9.430120033437642,9.052915232100137,9.807324834775148,0.18860240066875286,123.67080377282083,118.72397162190799,128.61763592373367,2.4734160754564165,3.3239869770615176,3.1910274979790567,3.4569464561439784,0.06647973954123035,26.466172671505223,25.407525764645015,27.52481957836543,0.5293234534301045,5.583295579325956,5.359963756152917,5.806627402498994,0.11166591158651912,10324.649298597198
2.8557114228456917,9.755479956767196,9.36526075849651,10.145699155037883,0.19510959913534393,123.6197514470656,118.67496138918297,128.5645415049482,2.472395028941312,3.5660417048033337,3.4234000366112003,3.708683372995467,0.07132083409606668,26.437018098387483,25.379537374451985,27.49449882232298,0.5287403619677497,5.569129798461368,5.346364606522914,5.791894990399823,0.11138259596922737,10342.685370741487
3.0060120240480965,10.089805157642056,9.686212951336374,10.493397363947738,0.20179610315284113,123.5587746810145,118.61642369377392,128.50112566825507,2.47117549362029,3.8146149328461667,3.66203033553232,3.9671995301600136,0.07629229865692333,26.40791555508605,25.351598932882606,27.464232177289492,0.528158311101721,5.554579790323917,5.332396598710961,5.776762981936874,0.11109159580647834,10360.721442885775
3.1563126252505014,10.433119584764814,10.015794801374222,10.850444368155406,0.2086623916952963,123.48784653960614,118.5483326780219,128.42736040119038,2.4697569307921228,4.069729377265529,3.9069402021749076,4.23251855235615,0.08139458754531058,26.378864914354075,25.323710317779913,27.434019510928238,0.5275772982870816,5.539645032282295,5.318059230991003,5.7612308335735865,0.11079290064564591,10378.757515030064
3.3066132264529062,10.78543204689724,10.35401476502135,11.21684932877313,0.2157086409379448,123.40695476871423,118.47067657796566,128.3432329594628,2.4681390953742848,4.331397073943381,4.158141190985646,4.504652956901117,0.08662794147886763,26.349866049408572,25.29587140743223,27.403860691384914,0.5269973209881714,5.524325678867578,5.303352651712875,5.7452987060222815,0.11048651357735156,10396.793587174352
3.456913827655311,11.14673568070435,10.700866253476175,11.592605107932524,0.22293471361408698,123.31610232754784,118.38345823444592,128.24874642064975,2.4663220465509568,4.599618992599678,4.415634232895691,4.783603752303666,0.09199237985199357,26.320918833927582,25.26808208057048,27.373755587284684,0.5264183766785516,5.508622583103071,5.288277679778948,5.728967486427194,0.11017245166206142,10414.82965931864
3.6072144288577155,11.517007472777742,11.056327173866633,11.977687771688851,0.23034014945555484,123.21530786882073,118.2866955540679,128.14392018357356,2.4643061573764147,4.874384688766635,4.679409301215969,5.069360076317301,0.0974876937753327,26.292023142047427,25.24034221636553,27.343704067729323,0.5258404628409485,5.492537317292012,5.272835824600332,5.712238809983692,0.10985074634584023,10432.865731462929
3.7575150300601203,11.896207837227225,11.420359523738135,12.372056150716315,0.2379241567445445,123.10460616527351,118.18042191866257,128.02879041188444,2.4620921233054704,5.155671994728204,4.949445114939076,5.3618988745173315,0.10311343989456408,26.263178848359953,25.212651694425556,27.31370600229435,0.525263576967199,5.476072190298886,5.257029302686931,5.695115077910842,0.10952144380597773,10450.901803607218
3.907815631262525,12.28428028440444,11.792909073028262,12.775651495780618,0.2456856056880888,122.98404844817001,118.06468651024322,127.90341038609681,2.4596809689634003,5.4434467743926644,5.225708903416958,5.661184645368371,0.10886893548785329,26.234385827909797,25.185010394793405,27.28376126102619,0.5246877165581959,5.459230260946248,5.240861050508399,5.677599471384099,0.10918460521892498,10468.937875751506
4.05811623246493,12.681151159413888,12.173905113037332,13.188397205790444,0.2536230231882778,122.85370267810589,117.93955457098166,127.76785078523012,2.457074053562118,5.73766272730862,5.508156218216275,5.967169236400965,0.1147532545461724,26.20564395619173,25.15741819794406,27.253869714439396,0.5241128791238345,5.442015347847168,5.224334733933281,5.659695961761054,0.10884030695694336,10486.973947895794
4.208416833667335,13.086729451674232,12.563260273607263,13.610198629741202,0.2617345890334847,122.71365374686715,117.80510759699247,127.62219989674183,2.454273074937343,6.038261242741785,5.796730793032114,6.2797916924514565,0.1207652248548357,26.176953109147934,25.129874984782017,27.224031233513852,0.5235390621829586,5.424432036250995,5.207454754800954,5.641409317701034,0.10848864072501989,10505.010020040083
4.35871743486974,13.500906694853885,12.96087042705973,14.04094296264804,0.2700181338970777,122.56400359159636,117.66144344793251,127.46656373526021,2.451280071831927,6.345171317422542,6.091364464725641,6.598978170119444,0.12690342634845084,26.14831316316541,25.102380636638795,27.19424568969203,0.5229662632633082,5.406485680800215,5.190226253568207,5.622745108032224,0.1081297136160043,10523.046092184371
4.509018036072145,13.92355700500431,13.366614724804139,14.480499285204482,0.2784711401000862,122.40487117466417,117.5086763276776,127.30106602165073,2.4480974234932833,6.658309570791457,6.391977187959799,6.924641953623115,0.13316619141582914,26.119723995073322,25.07493503527039,27.164512954876255,0.5223944799014665,5.388182401881798,5.172655105806526,5.60370969795707,0.10776364803763595,10541.08216432866
4.659318637274549,14.354536993348571,13.780355513614628,14.928718473082514,0.2870907398669714,122.23639258523221,117.34693688182293,127.12584828864149,2.4447278517046445,6.977580171891638,6.698476965015973,7.2566833787673035,0.13955160343783277,26.09118548214036,25.047538062854745,27.134832901425977,0.5218237096428072,5.369529087680975,5.154747924173736,5.584310251188214,0.10739058175361951,10559.118236472948
4.809619238476954,14.793686107302651,14.201938663010544,15.385433551594758,0.295873722146053,122.05872072466045,117.17637189567402,126.94106955364687,2.441174414493209,7.3028750683902395,7.01076006565463,7.594990071125849,0.1460575013678048,26.06269750207224,25.02018960198935,27.10520540215513,0.5212539500414448,5.350533376605254,5.136512041541044,5.564554711669464,0.10701066753210509,10577.154308617237
4.959919839679359,15.24082684775521,14.631193773845002,15.850459921665419,0.3048165369551042,121.87202511159623,116.99714410713239,126.74690611606007,2.4374405022319245,7.63407412868792,7.328711163540403,7.939437093835437,0.1526814825737584,26.03425993300909,24.992889535688725,27.075630330329453,0.5206851986601818,5.331203646035499,5.117955500194079,5.544451791876919,0.10662407292070998,10595.190380761525
5.110220440881764,15.695764975155683,15.067934376149456,16.32359557416191,0.31391529950311364,121.67649169830761,116.8094320303753,126.54355136623992,2.433529833966152,7.971045275880675,7.6522034648454476,8.289887086915902,0.1594209055176135,26.005872653522925,24.965637747382008,27.04610755966384,0.5201174530704585,5.311549000951392,5.099087040913337,5.524010960989448,0.10623098001902785,10613.226452905814
5.260521042084169,16.158290252123784,15.511958642038833,16.804621862208734,0.32316580504247566,121.47232216396577,116.61342927740714,126.3312150505244,2.4294464432793155,8.313645001391565,7.981099201335903,8.646190801447228,0.16627290002783132,25.977535542615176,24.938434120910568,27.016636964319783,0.5195507108523035,5.2915792388682865,5.079916069313555,5.503242408423018,0.10583158477736573,10631.262525050102
5.410821643286574,16.628176717364767,15.963049648670175,17.293303786059358,0.33256353434729535,121.25973366414765,116.40934431758174,126.11012301071355,2.425194673282953,8.661718547418905,8.31524980552215,9.00818728931566,0.1732343709483781,25.949248479714164,24.911278540525597,26.98721841890273,0.5189849695942833,5.271304835444858,5.060452642027064,5.482157028862653,0.10542609670889717,10649.29859719439
5.5611222444889785,17.105183407192488,16.42097607090479,17.789390743480187,0.3421036681438498,121.03895814419309,116.19739981842537,125.88051646996081,2.420779162883862,9.015100405980359,8.654496389741144,9.375704422219574,0.18030200811960717,25.921011344672642,24.884170890885738,26.957851798459547,0.5184202268934529,5.250736910301111,5.040707433889066,5.460766386713156,0.10501473820602222,10667.334669338681
5.711422845691383,17.58905513962648,16.885492934041423,18.29261734521154,0.3517811027925296,120.81024159014521,115.97783192653941,125.64265125375101,2.4162048318029044,9.373614863219007,8.998670268690248,9.748559457747767,0.18747229726438014,25.892824017765392,24.857111057054777,26.928536978476007,0.5178564803553078,5.229887190486953,5.020691702867475,5.439082678106431,0.10459774380973906,10685.37074148297
5.861723446893788,18.079523125758858,17.356342200728502,18.802704050789213,0.3615904625151772,120.57384344890723,115.75088971095094,125.39679718686351,2.4114768689781445,9.737076420906067,9.347593364069825,10.12655947774231,0.19474152841812134,25.864686379686724,24.830098924499254,26.899273834874194,0.5172937275937345,5.2087679809974015,5.000417261757505,5.417118700237298,0.10417535961994803,10703.406813627256
6.012024048096193,18.576305913904047,17.833253677347884,19.31935815046021,0.37152611827808096,120.33003572260235,115.51683429369825,125.14323715150644,2.406600714452047,10.105290454388294,9.701078836212762,10.509502072563826,0.20210580908776588,25.83659831154813,24.803134379086206,26.870062244010054,0.5167319662309626,5.18739212096047,4.979896436122051,5.394887805798889,0.10374784241920941,10721.442885771545
6.162324649298598,19.079110365620714,18.315945950995886,19.842274780245543,0.38158220731241427,120.0791020302186,115.27593794900986,124.88226611142736,2.401582040604372,10.478053894232861,10.058931738463547,10.897176050002175,0.20956107788465722,25.80855969487591,24.776217307080874,26.840902082670947,0.5161711938975182,5.165772938976153,4.959142021417107,5.3724038565352,0.10331545877952307,10739.478957915833
6.312625250501003,19.587632353932673,18.804127059775364,20.37113764808998,0.3917526470786535,119.82133694314031,115.0284834654147,124.61419042086592,2.3964267388628064,10.855155709158284,10.420949480791952,11.289361937524616,0.2171031141831657,25.780570411608736,24.749347595144386,26.811793228073086,0.5156114082321748,5.143924219765404,4.9381672509747885,5.34968118855602,0.10287848439530808,10757.515030060122
6.462925851703408,20.101558257219775,19.297495926930985,20.905620587508565,0.4020311651443955,119.5570445367332,114.77476275526388,124.33932631820252,2.3911408907346643,11.236377957760252,10.786922839449842,11.685833076070663,0.22472755915520506,25.75263034409545,24.722525130331633,26.78273555785927,0.515052606881909,5.121860135899342,4.916985730463368,5.326734541335315,0.10243720271798684,10775.55110220441
6.6132264529058125,20.620565481098033,19.795742861854112,21.445388100341955,0.41241130962196065,119.28653789928578,114.51507638331435,124.0579994152572,2.3857307579857157,11.621496145614586,11.156636299790001,12.08635599143917,0.23242992291229173,25.724739375092575,24.695749800088873,26.753728950096278,0.5144947875018515,5.0995952236841315,4.895611414736766,5.303579032631497,0.10199190447368263,10793.587174348699
6.763527054108217,21.144324079524264,20.298551116343294,21.990097042705234,0.4228864815904853,119.01013755573017,114.24973205350096,123.77054305795937,2.3802027511146036,12.010280369700464,11.529869154912445,12.490691584488482,0.24020560739400929,25.696897387762178,24.66902149225169,26.724773283272665,0.5139379477552436,5.077144311953341,4.874058539475207,5.280230084431476,0.10154288623906683,10811.623246492987
6.913827655310622,21.672497464076624,20.80559756551356,22.53939736263969,0.43344994928153247,118.72817079185661,113.97904396018235,123.47729762353087,2.3745634158371325,12.40249580953048,11.906395977149261,12.8985956419117,0.2480499161906096,25.669104265669468,24.642340095042687,26.695868436296248,0.5133820853133894,5.054522484791963,4.852341585400285,5.256703384183642,0.10109044969583926,10829.659318637274
7.064128256513027,22.20474380955221,21.31655405717012,23.0929335619343,0.4440948761910442,118.44097028826626,113.70333147673561,123.1786090997969,2.368819405765325,12.797903718977706,12.285987570218598,13.309819867736813,0.2559580743795541,25.641359892780624,24.6157054970694,26.66701428849185,0.5128271978556125,5.031745017797155,4.830475217085269,5.233014818509041,0.10063490035594311,10847.695390781564
7.214428857715431,22.740717049119983,21.831088367155182,23.650345731084784,0.45481434098239965,118.14887315949316,113.42291823311344,122.87482808587289,2.3629774631898632,13.196262124154789,12.668411639188598,13.72411260912098,0.2639252424830958,25.613664153460512,24.589117587322093,26.63821071959893,0.5122732830692103,5.008827343789843,4.80847425003825,5.209180437541437,0.10017654687579687,10865.73146292585
7.364729458917836,23.28006806563223,22.34886534300694,24.21127078825752,0.46560136131264457,117.85221980039337,113.13813100837764,122.5663085924091,2.3570443960078675,13.597326661145928,13.05343359470009,14.141219727591766,0.27194653322291856,25.586016932470432,24.562576255171614,26.60945760976925,0.5117203386494087,4.9857849933781395,4.786353593643013,5.185216393113265,0.09971569986756279,10883.767535070141
7.515030060120241,23.822445826978026,22.869547993898905,24.775343660057146,0.4764489165395605,117.55135277485181,112.84929866385774,122.25340688584588,2.351027055497036,14.000851382660349,13.440817327353935,14.560885437966762,0.28001702765320696,25.558418114966102,24.536081390367457,26.580754839564747,0.511168362299322,4.962633523469378,4.7641281825306026,5.161138864408153,0.09925267046938756,10901.80360721443
7.6653306613226455,24.367498484930938,23.3927985455337,25.342198424328174,0.48734996969861877,117.24661577147512,112.55675114061611,121.93648040233413,2.3449323154295025,14.406589516991493,13.830325936311834,14.982853097671153,0.2881317903398299,25.53086758649507,24.509632883035266,26.552102289954874,0.5106173517299014,4.939388499511645,4.741812959531179,5.136964039492111,0.0987877699902329,10919.839679358718
7.81563126252505,24.91487442208848,23.91827944520494,25.91146939897202,0.49829748844176963,116.93835256075732,112.26081845832704,121.61588666318761,2.3387670512151466,14.814294224454494,14.221722455476314,15.406865993432675,0.2962858844890899,25.50336523299499,24.48323062367519,26.52349984231479,0.5100673046598998,4.9160654387304055,4.719422821181189,5.112708056279621,0.09832130877460811,10937.875751503007
7.965931863727455,25.46422340104626,24.44565446500441,26.482792337088114,0.5092844680209252,116.62690588860221,111.96182965305812,121.2919821241463,2.332538117772044,15.223719401084908,14.614770625041512,15.832668177128305,0.3044743880216982,25.475910940791263,24.45687450315961,26.494947378422914,0.5095182188158253,4.892679760141336,4.696972569735682,5.088386950546989,0.09785359520282673,10955.911823647295
8.11623246492986,26.01519766810894,24.974589761384582,27.055805574833297,0.5203039533621788,116.31261641397155,111.6601117574127,120.96512107053042,2.326252328279431,15.634620450302336,15.009235632290242,16.26000526831443,0.3126924090060467,25.448504596594688,24.430564412730902,26.466444780458474,0.5089700919318938,4.869246726879682,4.674476857804494,5.06401659595487,0.09738493453759364,10973.947895791585
8.266533066132265,26.5674523898899,25.504754294294305,27.630150485485498,0.531349047797798,115.99582224089373,111.35598935125797,120.63565513052949,2.3199164448178746,16.046754621493488,15.404884436633749,16.68862480635323,0.3209350924298698,25.421146087500077,24.404300244000073,26.43799193100008,0.5084229217500016,4.845781427355163,4.651950170260957,5.039612684449369,0.09691562854710326,10991.983967935874
8.41683366733467,27.120647687215644,26.03582177972702,28.20547359470427,0.5424129537443129,115.67685699513987,111.04978271533427,120.30393127494547,2.3135371399027975,16.459882407980817,15.801487111661585,17.11827770430005,0.32919764815961633,25.393835300983124,24.3780818889438,26.409588713022448,0.5078767060196625,4.822298693704796,4.6294067459566035,5.015190641452988,0.09644597387409592,11010.020040080162
8.567134268537075,27.67444809396888,26.567470170210125,28.781426017727636,0.5534889618793776,115.35605029030911,110.74180827869675,119.97029230192148,2.307121005806182,16.873767207026095,16.19881651874505,17.54871789530714,0.3374753441405219,25.36657212489931,24.35190923990334,26.38123500989528,0.5073314424979862,4.798813130818189,4.606860605585462,4.990765656050917,0.09597626261636379,11028.056112224453
8.71743486973948,28.228524561137082,27.099383578691597,29.357665543582566,0.5645704912227416,115.03372580804086,110.43237677571922,119.63507484036249,2.300674516160817,17.288176714477032,16.59664964589795,17.979703783056113,0.34576353428954065,25.33935644748125,24.325782189582,26.3529307053805,0.5067871289496251,4.775339018597988,4.584325457854068,4.966352579341907,0.09550678037195975,11046.092184368741
8.867735470941884,28.782554900118,27.63125270411328,29.933857096122722,0.57565109800236,114.71020085506831,110.12179282086558,119.29860888927104,2.2942040171013662,17.702883246103944,16.994767916259786,18.410998575948103,0.3540576649220789,25.312188157336728,24.299700631043258,26.324675683630197,0.5062437631467346,4.751890294758788,4.561814682968437,4.94196590654914,0.09503780589517577,11064.12825651303
9.01803607214429,29.33622342559035,28.162774488566736,30.509672362613966,0.586724468511807,114.38578668295115,109.81035521563311,118.96121815026919,2.2877157336590233,18.11766350481164,17.392956964619177,18.842370045004106,0.36235327009623286,25.28506714344709,24.273664457709206,26.296469829184975,0.5057013428689419,4.728480577623048,4.539341354518126,4.91761980072797,0.09456961155246096,11082.164328657318
9.168336673346694,29.889223895371185,28.69365493955634,31.08479285118603,0.5977844779074237,114.06078565918486,109.49835423281746,118.62321708555226,2.2812157131836974,18.532300635268523,17.791008609857784,19.273592660679263,0.37064601270537045,25.257993295164464,24.247673563357885,26.268313026971043,0.5051598659032893,4.705123030225573,4.516918109016549,4.893327951434595,0.09410246060451144,11100.200400801607
9.318637274549099,30.44125701540662,29.223606734790355,31.658907296022885,0.6088251403081324,113.73549364321819,109.18607389748946,118.28491338894692,2.274709872864364,18.946582497703066,18.188719197794942,19.70444579761119,0.3789316499540613,25.230966502210695,24.221727842122267,26.240205162299123,0.5046193300442139,4.681830474608509,4.494557255624168,4.869103693592849,0.09363660949217018,11118.236472945897
9.468937875751504,30.992034004147442,29.752352643981546,32.23171536431334,0.6198406800829489,113.41019654902993,108.87378868706874,117.94660441099113,2.2682039309805986,19.360304164258377,18.58589199768804,20.134716330828713,0.38720608328516753,25.2039866546745,24.19582718848752,26.212146120861483,0.5040797330934901,4.658615234959113,4.472270625560748,4.8449598443574775,0.09317230469918225,11136.272545090185
9.619238476953909,31.541275100966324,30.27962409692767,32.80292610500498,0.6308255020193265,113.08517176482826,108.56176489423513,117.6085786354214,2.2617034352965653,19.77326688759362,18.982336212089876,20.564197563097366,0.3954653377518724,25.17705364301004,24.169971497289637,26.184135788730444,0.5035410728602008,4.635489209328503,4.450069640955363,4.820908777701643,0.09270978418657005,11154.308617234474
9.769539078156313,32.08870989856907,30.80516150262631,33.37225829451184,0.6417741979713815,112.76068781999376,108.25026030719401,117.27111533279351,2.255213756399875,20.18527834250669,19.377867208806425,20.99268947620696,0.40370556685013387,25.150167358034967,24.144160663713567,26.156174052356366,0.5030033471606994,4.6124638591499485,4.4279653047839505,4.796962413515947,0.09224927718299898,11172.344689378762
9.919839679358718,32.6340795311348,31.328716349889408,33.93944271238019,0.652681590622696,112.43700226530203,107.93952217468994,116.93448235591411,2.2487400453060404,20.596154165144295,19.772307998538523,21.420000331750067,0.4119230833028859,25.12332769092805,24.11839458329093,26.128260798565172,0.502466553818561,4.58955010342991,4.405968099292713,4.773132107567107,0.0917910020685982,11190.380761523053
10.070140280561123,33.17713384629588,31.850048492444046,34.504219200147716,0.6635426769259176,112.11436438609253,107.62978981064883,116.59893896153623,2.2422872877218505,21.00571598242935,20.165487343132178,21.845944621726524,0.42011431964858703,25.096534533228017,24.092673151898897,26.100395914557136,0.5019306906645603,4.5667584496798295,4.384088111692637,4.749428787667023,0.09133516899359659,11208.416833667341
10.220440881763528,33.71763509832482,32.368929694391824,35.066340502257816,0.6743527019664964,111.79301162788266,107.32129116276735,116.26473209299797,2.2358602325576533,21.413794007506727,20.557242247206457,22.270345767806997,0.42827588015013457,25.069787776830793,24.066996265757563,26.072579287904023,0.5013957555366159,4.544098835742148,4.362334882312463,4.725862789171834,0.09088197671484297,11226.45290581163
10.370741482965933,34.25535537902854,32.8851411638674,35.625569594189685,0.6851071075805709,111.47317206489814,107.0142451823022,115.93209894749407,2.2294634412979626,21.82022524697013,20.947416237091325,22.693034256848932,0.4364045049394026,25.043087313988288,24.041363821428757,26.04481080654782,0.5008617462797658,4.521580745430934,4.340717515613696,4.702443975248171,0.09043161490861869,11244.48897795592
10.521042084168338,34.7900776952912,33.398474587479555,36.18168080310285,0.6958015539058241,111.15506334756377,106.70886081366122,115.60126588146632,2.2231012669512755,22.22485426492114,21.335860094324296,23.113848435517987,0.44449708529842286,25.016433037306317,24.015775715814065,26.01709035879857,0.5003286607461264,4.4992131621185365,4.319244635633796,4.679181688603278,0.08998426324237073,11262.525050100208
10.671342685370742,35.32159680095915,33.908732928920784,36.734460672997514,0.706431936019183,110.8388918873357,106.40533621184228,115.27244756282913,2.216777837746714,22.6275337746849,21.7224324236975,23.532635125672297,0.452550675493698,24.98982483974251,23.99023184615281,25.98941783333221,0.4997964967948502,4.477004530634765,4.2979243494093735,4.656084711860155,0.08954009061269529,11280.561122244497
10.821643286573147,35.849717072664056,34.4157283897575,37.283705755570615,0.7169943414532811,110.52485490259741,106.10386070649352,114.9458490987013,2.2104970980519485,23.02812315313446,22.10699822700908,23.94924807925984,0.46056246306268916,24.96326261460505,23.964732110020847,25.961793119189252,0.499265252292101,4.454962854168826,4.276764340002074,4.633161368335579,0.08909925708337653,11298.597194388785
10.971943887775552,36.37425524331839,34.91928503358565,37.82922545305112,0.7274851048663677,110.21313775875586,105.80461224840563,114.6216632691061,2.2042627551751175,23.426490371732076,22.48943075686279,24.36354998660136,0.4685298074346415,24.936746255550087,23.939276405328084,25.93421610577209,0.49873492511100176,4.43309557753465,4.2557717544332645,4.610419400636036,0.088661911550693,11316.633266533074
11.122244488977957,36.89503775723846,35.41923624694893,38.370839267528,0.7379007551447693,109.90391652380079,105.50775986284876,114.30007318475282,2.1980783304760156,23.82251014095105,22.869609735313006,24.775410546589093,0.476450202819021,24.910275656580684,23.913864630317455,25.90668668284391,0.4982055131316137,4.4114097066862215,4.234953318418773,4.587866094953671,0.08822819413372443,11334.669338677364
11.272545090180362,37.41190226305937,35.915426172536996,38.90837835358174,0.7482380452611874,109.59735650799175,105.21346224767208,113.98125076831141,2.191947130159835,24.21606497027526,23.24742237146425,25.184707569086267,0.48432129940550517,24.883850712044506,23.888496683562725,25.879204740526287,0.4976770142408901,4.389911742669245,4.214315272962474,4.565508212376015,0.0877982348533849,11352.705410821653
11.422845691382767,37.92469711923428,36.40770923446491,39.44168500400365,0.7584939423846856,109.29361273444967,104.92186822507168,113.66535724382766,2.1858722546889933,24.607044826391547,23.622763033335886,25.59132661944721,0.49214089652783094,24.857471316632186,23.863172463966897,25.851770169297474,0.49714942633264375,4.368607704639801,4.1938633964542085,4.543352012825392,0.08737215409279601,11370.741482965941
11.573146292585172,38.433280321066334,36.89594910822368,39.970611533908986,0.7686656064213268,108.99283097257772,104.63311773367461,113.35254421148083,2.1798566194515545,24.99534638279839,23.995532527486457,25.995160238110326,0.49990692765596784,24.83113736537583,23.8378918707608,25.824382859990862,0.49662274730751665,4.347503177766688,4.173603050656021,4.5214033048773565,0.08695006355533376,11388.77755511023
11.723446893787576,38.93752098663912,37.38002014717355,40.49502182610469,0.7787504197327825,108.69514628071046,104.34734042948205,113.04295213193888,2.1739029256142093,25.38087407755238,24.365639114450286,26.396109040654476,0.5076174815510476,24.804848753646663,23.812654803500795,25.79704270379253,0.49609697507293327,4.326603253498817,4.153539123358865,4.49966738363877,0.08653206506997635,11406.81362725452
11.873747494989981,39.437297167596476,37.859805280892616,41.01478905430034,0.7887459433519295,108.40068513039708,104.06465772518119,112.73671253561297,2.168013702607942,25.763538571096124,24.732997028252278,26.79408011393997,0.5152707714219225,24.778605377154097,23.787461162067935,25.76974959224026,0.49557210754308195,4.305912626673018,4.133676121606097,4.478149131739938,0.08611825253346035,11424.849699398808
12.024048096192386,39.93249733667971,38.33519744321252,41.5297972301469,0.7986499467335942,108.10956394331792,103.7851813855852,112.43394650105064,2.1621912788663584,26.14325780805656,25.097527495734298,27.188988120378824,0.5228651561611313,24.752407131943208,23.76231084666548,25.742503417220938,0.49504814263886415,4.285435530236183,4.114018109026735,4.45685295144563,0.08570871060472367,11442.885771543097
12.174348697394791,40.42301909583779,38.806098332004275,42.0399398596713,0.8084603819167557,107.82189034350253,103.50901472976243,112.13476595724264,2.1564378068700507,26.519956108171222,25.45915786384437,27.580754352498072,0.5303991221634244,24.726253914393542,23.7372037578178,25.715304070969285,0.49452507828787085,4.265175793195274,4.094568761467463,4.435782824923085,0.08530351586390547,11460.921843687387
12.324649298597196,40.908768933075685,39.272418175752655,42.545119690398714,0.8181753786615137,107.53776338464641,103.23625284926055,111.83927392003227,2.1507552676929285,26.89356400111847,25.817821441073733,27.969306561163208,0.5378712800223694,24.700145621217388,23.712139796368692,25.688151446066083,0.49400291242434774,4.245136851878639,4.075331377803493,4.414942325953785,0.08490273703757277,11478.957915831676
12.4749498997996,41.38966261421088,39.734076109642444,43.04524911877931,0.8277932522842175,107.25727315445698,102.96698222827871,111.54756408063525,2.14514546308914,27.26401851345366,26.173457772915512,28.35457925399181,0.5452803702690732,24.6740821494577,23.68711886347939,25.66104543543601,0.49348164298915403,4.225321738159245,4.056308868632875,4.394334607685615,0.08450643476318491,11496.993987975964
12.625250501002006,41.86562388951618,40.19099893393553,43.540248845096826,0.8373124777903236,106.98050203527575,102.70128195386472,111.25972211668677,2.139610040705515,27.631262253616267,26.526011763471615,28.73651274376092,0.5526252450723254,24.648063396487093,23.66214086062761,25.633985932346576,0.4929612679297419,4.205733135858575,4.037503810424232,4.373962461292918,0.08411466271717151,11515.030060120253
12.77555110220441,42.336585149881074,40.64312174388583,44.03004855587632,0.8467317029976215,106.70752404364544,102.43922308189961,110.97582500539126,2.1341504808729086,27.99524389088517,26.875434135249762,29.11505364652058,0.5599048778177034,24.622089260005428,23.63720568960521,25.606972830405645,0.49244178520010856,4.186373352888861,4.018918418773307,4.353828287004415,0.08372746705777721,11533.066132264541
12.925851703406815,42.80248639874556,41.09038694279573,44.51458585469538,0.8560497279749112,106.43840583550374,102.18086960208359,110.6959420689239,2.128768116710075,28.355917425881493,27.221680728846234,29.490154122916753,0.5671183485176299,24.596159638038838,23.612313252517286,25.58000602356039,0.4919231927607768,4.167244364620155,4.000554590035349,4.3339341392049615,0.08334488729240311,11551.10220440883
13.07615230460922,43.263275234824626,41.53274422543164,44.99380624421761,0.8652655046964925,106.17320670806922,101.92627843974645,110.42013497639198,2.1234641341613845,28.71324218890232,27.56471250134623,29.861771876458413,0.5742648437780464,24.570274428937733,23.587463451780224,25.553085406095242,0.49140548857875466,4.1483478185843845,3.9824139058410086,4.31428173132776,0.08296695637168769,11569.138276553118
13.226452905811625,43.718906693121625,41.97015042539676,45.46766296084649,0.8743781338624325,105.91197874210427,101.6754995924201,110.14845789178844,2.1182395748420855,29.067182736413315,27.90449542695678,30.22987004586985,0.5813436547282663,24.544433531374978,23.562656190119977,25.526210872629978,0.4908886706274996,4.129685045014097,3.964497643213533,4.294872446814661,0.08259370090028194,11587.174348697406
13.37675350701403,44.1693424282699,42.402568731139105,45.936116125400694,0.8833868485653981,105.65476760953612,101.42857690515467,109.88095831391757,2.1130953521907223,29.417708265185496,28.240999934578078,30.594416595792914,0.58835416530371,24.51863684434512,23.537891370571316,25.499382318118926,0.4903727368869024,4.111257092470536,3.946806808771715,4.275707376169358,0.08222514184941074,11605.210420841697
13.527054108216435,44.61455091171134,42.82996887524288,46.3991329481798,0.8922910182342269,105.40161234912416,101.1855478551592,109.61767684308913,2.1080322469824835,29.764792774399506,28.574201063423526,30.955384485375486,0.5952958554879901,24.492884267161752,23.513168896475282,25.472599637848223,0.48985768534323504,4.0930647193177245,3.9293421305450154,4.256787308090434,0.08186129438635449,11623.246492985985
13.67735470941884,45.05450687567144,43.25232660064459,46.8566871506983,0.9010901375134289,105.15254591323502,100.94644407670562,109.35864774976442,2.1030509182647004,30.108414668953984,28.904078082195824,31.312751255712143,0.6021682933790797,24.4671756994564,23.488488671478144,25.44586272743466,0.48934351398912806,4.075108418266197,3.912104081535549,4.238112754996845,0.08150216836532394,11641.282565130274
13.827655310621244,45.489190902983204,43.66962326686387,47.308758539102534,0.9097838180596641,104.90759557522847,100.71129175221932,109.10389939823762,2.0981519115045693,30.44855646402386,29.230614205462906,31.666498722584812,0.6089711292804773,24.44151104117757,23.463850599530467,25.419171482824673,0.48883022082355143,4.057388416410358,3.8950928797539435,4.219683953066772,0.08114776832820715,11659.318637274562
13.97795591182365,45.918589314244095,44.08184574167433,47.75533288681386,0.9183717862848819,104.66678300216722,100.48011168208053,108.85345432225391,2.0933356600433446,30.785204731416904,29.553796542160228,32.01661292067358,0.6157040946283381,24.415890192587902,23.439254584884385,25.39252580029142,0.48831780385175805,4.039904713905326,3.8783085253491127,4.201500902461539,0.08079809427810651,11677.35470941885
14.128256513026054,46.34269376461049,44.48898601402607,48.19640151519491,0.9268538752922098,104.43012466508688,100.25291967848341,108.60732965169035,2.0886024933017375,31.11834980228407,29.873615810192707,32.363083794375434,0.6223669960456814,24.390313054263583,23.41470053209304,25.365925576434126,0.48780626108527164,4.022657092957049,3.861750809238767,4.183563376675331,0.08045314185914099,11695.39078156314
14.278557114228459,46.76150101503284,44.891040974431526,48.63196105563416,0.9352300203006568,104.19763205837265,100.02972677603775,108.36553734070755,2.083952641167453,31.44798560786718,30.190066183552496,32.70590503218187,0.6289597121573437,24.364779527092875,23.39018834600916,25.339370708176588,0.4872955905418575,4.005645151184679,3.8454193451372927,4.165870957232067,0.08011290302369359,11713.426853707428
14.428857715430862,47.1750124565398,45.288011958278204,49.06201295480139,0.943500249130796,103.9693121353036,99.81053964989145,108.12808462071574,2.079386242706072,31.774109362711425,30.50314498820297,33.04507373721988,0.6354821872542286,24.339289512273712,23.365717931782765,25.31286109276466,0.48678579024547425,3.9888682779937006,3.8293135468739523,4.148423009113449,0.07977736555987401,11731.462925851716
14.579158316633267,47.583234116773646,45.6799047521027,49.48656348144459,0.951664682335473,103.74516732113864,99.5953606282931,107.89497401398418,2.0749033464227726,32.09672155574038,30.812852693510766,33.38059041797,0.6419344311148076,24.313842911313138,23.34128919486061,25.286396627765665,0.48627685822626276,3.9723256215752674,3.8134325967122567,4.131218646438278,0.07944651243150534,11749.498997996005
14.729458917835672,47.986176239913114,46.066729190316586,49.90562328950964,0.9597235247982623,103.52519590814745,99.38418807182155,107.66620374447335,2.070503918162949,32.41582566322473,31.11919263669574,33.71245868975372,0.6483165132644946,24.288439626025426,23.31690204098441,25.259977211066442,0.48576879252050853,3.9560161280919353,3.7977754829682575,4.114256773215613,0.07912032256183871,11767.535070140293
14.879759519038076,48.383852820092834,46.44849870728912,50.31920693289655,0.9676770564018567,103.30939249597733,99.17701679613825,107.44176819581642,2.0661878499195465,32.731427828842925,31.42217071568921,34.040684941996645,0.6546285565768585,24.26307955853022,23.29255637618901,25.233602740871426,0.4852615911706044,3.9399386174830853,3.7823410727837614,4.097536162182409,0.07879877234966169,11785.571142284582
15.030060120240481,48.776281894919315,46.82523061912254,50.727333170716086,0.9755256378983863,103.09774772481829,98.97383781582556,107.22165763381102,2.061954954496366,33.043537057937826,31.721795575620312,34.36527854025534,0.6608707411587565,24.237762611251956,23.268252106801878,25.207273115702034,0.4847552522250391,3.924091940698991,3.767128263071031,4.081055618326951,0.07848183881397983,11803.60721442887
15.180360721442886,49.163484699344714,47.196945311370925,51.1300240873185,0.9832696939868943,102.89024907264756,98.77463910974166,107.00585903555347,2.0578049814529513,33.352164638197806,32.01807805266989,34.68625122372572,0.6670432927639561,24.212488686917485,23.243989139440785,25.180988234394185,0.4842497737383497,3.9084747375340916,3.7521357480327278,4.064813727035455,0.07816949475068183,11821.643286573159
15.330661322645291,49.54548563934044,47.56366621376682,51.52730506491406,0.9909097127868088,102.68688088526562,98.579405649855,106.79435612067624,2.0537376177053126,33.65732411804349,32.31103115332175,35.00361708276523,0.6731464823608698,24.187257688554936,23.21976738101274,25.154747996097132,0.4837451537710987,3.89308553674447,3.737362115274691,4.048808958214249,0.07786171073488939,11839.679358717447
15.480961923847696,49.92231253130117,47.925420030049125,51.91920503255322,0.9984462506260235,102.48762415469528,98.38811918850747,106.58712912088309,2.0497524830939056,33.95903146785631,32.60067020914206,35.31739272657057,0.6791806293571263,24.16206951949283,23.195586738713118,25.128552300272545,0.48324139038985664,3.877922356827234,3.7228054625541445,4.033039251100323,0.07755844713654467,11857.715430861736
15.6312625250501,50.29399550962413,48.282235689239165,52.3057553300091,1.0058799101924827,102.29245755268317,98.20075925057584,106.3841558547905,2.0458491510536634,34.25730432907425,32.88701215591128,35.627596502237225,0.685146086581485,24.136924083357606,23.171447120023302,25.10240104669191,0.4827384816671521,3.862983417582442,3.708464080879144,4.017502754285739,0.07725966835164884,11875.751503006024
15.781563126252506,50.66056743072165,48.63414473349278,52.686990127950516,1.013211348614433,102.10135705349444,98.01730277135466,106.18541133563421,2.0420271410698887,34.552162288490514,33.1700757969509,35.93424878003013,0.6910432457698102,24.111821284072903,23.147348432709986,25.07629413543582,0.4822364256814581,3.8482667893114106,3.694336117738954,4.002197460883867,0.07696533578622822,11893.787575150312
15.93186372745491,51.02206376860171,48.981181217857646,53.06294631934578,1.0204412753720342,101.91429603569826,97.83772419427032,105.99086787712619,2.038285920713965,34.84362680444568,33.44988173226785,36.237371876623506,0.6968725360889135,24.08676102585831,23.123290584823977,25.05023146689264,0.48173522051716616,3.8337707289559324,3.680419899797695,3.9871215581141692,0.07667541457911864,11911.823647294601
16.082164328657317,51.3785217786303,49.32338090748509,53.43366264977551,1.027570435572606,101.73124607555897,97.66199623253661,105.80049591858133,2.0346249215111794,35.13172063046018,33.72645180524177,36.53698945567859,0.7026344126092036,24.061743213227146,23.09927348469806,25.024212941756232,0.4812348642645429,3.819493168922794,3.6667134421658822,3.9722728956797053,0.07638986337845588,11929.859719438891
16.23246492985972,51.72998096885486,49.660781730100666,53.799180207609055,1.0345996193770972,101.55217650415798,97.49008944399166,105.6142635643243,2.0310435300831595,35.41646813719556,33.99980941170774,36.83312686268338,0.7083293627439112,24.036767750985888,23.075297040946452,24.998238461025323,0.48073535501971776,3.805431952145333,3.6532146740595195,3.9576492302311466,0.07610863904290666,11947.895791583178
16.382765531062127,52.076482727141475,49.99342341805581,54.15954203622714,1.0415296545428294,101.3770547631867,97.32197257265923,105.43213695371418,2.027541095263734,35.697895054079495,34.26997925191632,37.12581085624267,0.71395790108159,24.011834544232507,23.051361162463206,24.972307926001807,0.48023669088465015,3.791584786667045,3.6399213952003633,3.9432481781337274,0.0758316957333409,11965.931863727468
16.53306613226453,52.418069799960165,50.321347007961755,54.514792591958575,1.0483613959992033,101.20584690184825,97.15761302577431,105.25408077792218,2.024116938036965,35.97602810841802,34.5369869840813,37.41506923275474,0.7195205621683605,23.986943498354727,23.027465758420536,24.946421238288917,0.47973886996709453,3.7779494478274427,3.626831469914345,3.9290674257405405,0.07555898895654885,11983.967935871757
16.683366733466936,52.7547868332385,50.644595359908955,54.86497830656804,1.05509573666477,101.0385170649903,96.99697638239068,105.08005774758992,2.020770341299806,36.250895397398274,34.800859581502344,37.700931213294204,0.7250179079479655,23.96209451902944,23.00361073826826,24.920578299790616,0.4792418903805888,3.7645236580769112,3.6139427117538347,3.9151046043999873,0.07529047316153822,12002.004008016045
16.83366733466934,53.086679602000935,50.9632124179209,55.21014678608097,1.0617335920400186,100.87502822787289,96.84002709875797,104.9100293569878,2.0175005645574577,36.52252585441966,35.061624820242876,37.98342688859645,0.7304505170883933,23.937287512220625,22.9797960117318,24.89477901270945,0.4787457502444125,3.7513050714819154,3.601252868622639,3.901357274341192,0.07502610142963831,12020.040080160334
16.983967935871746,53.41379499758849,51.27724319768495,55.550346797492026,1.0682758999517699,100.71534221017342,96.68672852176648,104.74395589858035,2.0143068442034684,36.79094923904059,35.319311269478966,38.26258720860222,0.7358189847808119,23.912522384178185,22.956021488811057,24.869023279545313,0.47825044768356373,3.7382913001269995,3.5887596481219193,3.8878229521320797,0.07476582600253999,12038.076152304622
17.13426853707415,53.73618143354582,51.58673417620399,55.88562869088766,1.0747236286709165,100.559419290721,96.53704251909215,104.58179606234984,2.01118838581442,37.0561964169572,35.573948560278914,38.538444273635484,0.741123928339144,23.887799041437237,22.932287079779748,24.843311003094726,0.47775598082874476,3.7254798813629804,3.5764606861084607,3.8744990766174996,0.07450959762725962,12056.11222444891
17.284569138276556,54.05388784382939,51.891732330076216,56.21604335758257,1.081077756876588,100.40721916414523,96.39093039757942,104.42350793071104,2.0081443832829047,37.31829866519321,35.825566718585485,38.81103061180094,0.7463659733038642,23.86311739081572,22.908592695183092,24.81764208644835,0.47726234781631444,3.712868364253402,3.5643536296832656,3.8613830988235383,0.07425736728506804,12074.1482965932
17.43486973947896,54.36696414181457,52.192285576141984,56.541642707487156,1.0873392828362913,100.25870050471957,96.24835248453078,104.26904852490836,2.0051740100943913,37.57728798903868,36.07419646947713,39.08037950860023,0.7515457597807736,23.83847733941381,22.884938245837258,24.792016432990362,0.4767695467882762,3.7004542648365457,3.5524360942430837,3.8484724354300077,0.07400908529673092,12092.184368737488
17.585170340681366,54.675461232710056,52.48844278340165,56.86247968201846,1.093509224654201,100.11382095582746,96.10926811759437,104.11837379406056,2.002276419116549,37.8331971298052,36.31986924461299,39.34652501499741,0.756663942596104,23.81387879461274,22.861323642828232,24.76643394639725,0.47627757589225483,3.6882350953792353,3.5407056915640664,3.8357644991944047,0.07376470190758472,12110.220440881776
17.73547094188377,54.979430292569965,52.78025308086717,57.17860750427276,1.0995886058513993,99.97253781950585,95.97363630672561,103.97143933228608,1.999450756390117,38.086059064065694,36.56261670150307,39.60950142662832,0.7617211812813139,23.78932166407277,22.83774879750986,24.74089453063568,0.4757864332814554,3.6762083479952103,3.529160014075402,3.8232566819150184,0.0735241669599042,12128.256513026065
17.885771543086175,55.27892330247242,53.067766370373526,57.490080234571316,1.1055784660494485,99.83480754783994,95.84141524592634,103.82819984975355,1.9966961509567989,38.33590737319253,36.80247107826483,39.86934366812024,0.7667181474638507,23.764805855732675,22.814213621503367,24.715398089961983,0.4752961171146535,3.664371476158868,3.5177966171125132,3.810946335205223,0.07328742952317736,12146.292585170355
18.03607214428858,55.57399273758,53.3510330280768,57.7969524470832,1.1114798547516,99.7005860412199,95.71256259957111,103.6886094828687,1.9940117208243981,38.582776026821314,37.03946498574846,40.12608706789417,0.7716555205364263,23.740331277808217,22.790718026695888,24.689944528920545,0.4748066255561643,3.65272191082249,3.5066130343895905,3.79883078725539,0.0730544382164498,12164.328657314643
18.186372745490985,55.86469108434269,53.63010344096898,58.099278727716396,1.1172938216868538,99.56982911083804,95.58703594640453,103.55262227527156,1.991396582216761,38.8266990470227,37.273631085141794,40.379767008903606,0.776533980940454,23.715897838790305,22.767261925238692,24.664533752341917,0.4743179567758061,3.6412571236239755,3.4956068386790164,3.7869074085689345,0.07282514247247951,12182.364729458932
18.336673346693388,56.15107123027805,53.90502838106693,58.39711407948917,1.123021424605561,99.44249210753108,95.46479242322984,103.42019179183232,1.9888498421506215,39.06771077798843,37.50500234686889,40.63041920910797,0.7813542155597686,23.691505447444403,22.743845229546626,24.63916566534218,0.47383010894888805,3.6299745786465816,3.484775595500718,3.7751735617924447,0.07259949157293162,12200.40080160322
18.486973947895795,56.43318678507352,54.17585931367058,58.690514256476455,1.1286637357014704,99.31852961571296,95.34578843108444,103.29127080034148,1.9863705923142592,39.305846108422045,37.73361226408517,40.878079952758924,0.786116922168441,23.667154012809853,22.72046785229746,24.613840173322245,0.4733430802561971,3.618871791755546,3.474116920085324,3.7636266634257676,0.07237743583511093,12218.436873747509
18.637274549098198,56.71109075196049,54.44264712188207,58.97953438203891,1.1342218150392098,99.19789672529271,95.229980856281,103.16581259430441,1.9839579345058542,39.54113954784345,37.95949396592971,41.12278512975719,0.790822790956869,23.642843444196828,22.697129706428953,24.588557181964703,0.4728568688839366,3.607946252762992,3.463628402652472,3.7522641028735118,0.07215892505525984,12236.472945891797
18.787575150300604,56.98483632151194,54.70544286865147,59.26422977437242,1.139696726430239,99.08054827363794,95.11732634269242,103.04377020458347,1.981610965472759,39.77362577724938,38.182680746159406,41.36457080833935,0.7954725155449875,23.6185736511863,22.673830705138847,24.56331659723375,0.472371473023726,3.597195492093246,3.453307672409516,3.741083311776976,0.07194390984186493,12254.509018036086
18.937875751503007,57.254477329999595,54.964298236799614,59.54465642319958,1.145089546599992,98.96643840801303,95.00778087169252,102.92509594433355,1.9793287681602607,40.00333996699749,38.40320636831759,41.60347356567738,0.8000667993399497,23.59434454362969,22.650570761884502,24.538118325374874,0.4718868908725938,3.586616733284968,3.4431520639535695,3.730081402616367,0.07173233466569937,12272.545090180376
19.088176352705414,57.520066968775204,55.2192642900242,59.82086964752621,1.1504013393755042,98.8555218216845,94.90130094881712,102.80974269455189,1.9771104364336902,40.23031687914543,38.62110420397961,41.83952955431124,0.8046063375829086,23.57015603164569,22.627349790379863,24.51296227291152,0.47140312063291384,3.576207417937491,3.4331591212199912,3.7192557146549907,0.07152414835874982,12290.581162324665
19.238476953907817,57.7816583152262,55.47039198261715,60.092924647835254,1.155633166304524,98.7477532469906,94.79784311711097,102.69766337687022,1.974955064939812,40.45459123572032,38.83640758629151,42.07277488514914,0.8090918247144064,23.54600802562,22.604167704595202,24.4878483466448,0.47092016051240004,3.5659649375830322,3.423326340079711,3.708603535086353,0.07131929875166064,12308.617234468953
19.38877755511022,58.03930448611869,55.71773230667394,60.36087666556344,1.1607860897223738,98.64308730937123,94.69736381699637,102.58881080174608,1.9728617461874245,40.67619782481661,39.049149911823946,42.30324573780928,0.8135239564963322,23.521900436204426,22.58102441875625,24.4627764536526,0.47043800872408853,3.555886981068357,3.413651501825623,3.698122460311091,0.07111773962136714,12326.653306613242
19.539078156312627,58.29305856152199,55.96133621906111,60.62478090398287,1.1658611712304399,98.54147860121245,94.59981945716395,102.48313774526095,1.970829572024249,40.89517144705774,39.25936458917543,42.53097830494005,0.8179034289411549,23.497833174315694,22.557919847343065,24.437746501288323,0.4699566634863139,3.5459716323956045,3.4041327670997803,3.6878104976914288,0.07091943264791209,12344.68937875753
19.68937875751503,58.542973146574425,56.20125422071145,60.8846920724374,1.1708594629314886,98.44288210288944,94.50516681877386,102.38059738700503,1.9688576420577888,41.111546609919166,39.4670847455224,42.756008474315934,0.8222309321983834,23.473806151133523,22.534853905088184,24.412758397178862,0.4694761230226705,3.5362168304811967,3.394768157261949,3.6776655037004446,0.07072433660962393,12362.725450901818
19.839679358717436,58.78910070226686,56.43753667417619,61.14066473035753,1.1757820140453372,98.34725286718098,94.41336275249374,102.28114298186823,1.9669450573436198,41.32535775701366,39.672343446733116,42.97837206729421,0.8265071551402733,23.44981927810017,22.511826506976163,24.387812049224173,0.4689963855620034,3.526618938814971,3.385554181262372,3.66768369636757,0.07053237877629942,12380.761523046107
19.98997995991984,59.031493429237294,56.670233692067804,61.392753166406784,1.1806298685847458,98.25454613081858,94.32436428558584,102.18472797605132,1.9650909226163717,41.536639187148836,39.87517361966288,43.19810475463479,0.8307327837429768,23.425872466919106,22.488837568242342,24.36290736559587,0.46851744933838213,3.517175720148724,3.376488691342775,3.657862748954673,0.07034351440297448,12398.797595190394
20.140280561122246,59.27020310546144,56.899394981242985,61.6410112296799,1.1854040621092288,98.16471746924654,94.23812877047668,102.0913061680164,1.9632943493849309,41.745424941753384,40.07560794408325,43.41524193942352,0.8349084988350677,23.40196562955996,22.465887004377564,24.338044254742357,0.46803931259119924,3.5078850289326446,3.3675696277753384,3.6482004300899504,0.07015770057865289,12416.833667334682
20.29058116232465,59.50528112260194,57.12506987769787,61.88549236750602,1.190105622452039,98.07772276286255,94.15461385234805,102.00083167337705,1.961554455257251,41.95174882940278,40.27367887622667,43.629818782578894,0.8390349765880556,23.378098678259825,22.442974731129432,24.313222625390218,0.4675619735651965,3.4987445336951417,3.358794752347336,3.6386943150429474,0.06997489067390283,12434.86973947897
20.440881763527056,59.736778518600694,57.347307377856666,62.12624965934472,1.194735570372014,97.99351817488036,94.07377744788515,101.91325890187558,1.9598703634976073,42.15564444344136,40.46941866570371,43.841870221179015,0.8431128888688272,23.354271525487718,22.420100664468208,24.288442386507228,0.4670854305097544,3.489751904753659,3.350161828563513,3.629341980943806,0.06979503809507319,12452.905811623259
20.59118236472946,59.9647456404909,57.56615581487126,62.363335466110534,1.199294912809818,97.9120604313987,93.99557801414275,101.82854284865465,1.9582412086279741,42.357144950863756,40.662859152829206,44.051430748898305,0.8471428990172751,23.330484084128535,22.397264720763395,24.263703447493675,0.4666096816825707,3.4809048515910974,3.3416686575274532,3.6201410456547416,0.06961809703182195,12470.941883767548
20.741482965931866,60.189232509992415,57.78166320959272,62.59680181039211,1.2037846501998484,97.83330652578556,93.91997426475413,101.74663878681699,1.9566661305157111,42.5562833166405,40.854031983974885,44.25853464930612,0.8511256663328101,23.30673626725521,22.374466816565004,24.239005717945417,0.46613472534510425,3.472201101159332,3.3333130571129588,3.611089145205705,0.06944402202318664,12488.977955911836
20.89178356713427,60.41028942728938,57.993877850197805,62.82670100438095,1.2082057885457875,97.75721322567972,93.84692469665254,101.6675017547069,1.9551442645135944,42.75309267694673,41.04296896986886,44.4632163840246,0.8550618535389346,23.283027987769,22.35170686825824,24.21434910727976,0.46566055975538,3.463638367956536,3.325092833238275,3.6021839026747973,0.06927276735913072,12507.014028056125
21.042084168336675,60.62796456661277,58.20284598394826,63.05308314927728,1.2125592913322554,97.68373906147069,93.77638949901186,101.59108862392952,1.9536747812294137,42.94760483860995,41.22970064506555,44.66550903215435,0.858952096772199,23.25935915974321,22.32898479335348,24.189733526132937,0.4651871831948642,3.455214495731629,3.3170059159023637,3.593423075560894,0.06910428991463258,12525.050100200413
21.19238476953908,60.842308143851575,58.40861581809751,63.27600046960564,1.2168461628770315,97.61284086893525,93.70832723417784,101.51735450369266,1.9522568173787052,43.139852886088704,41.414258770645155,44.86544700153225,0.8627970577217741,23.23572969613175,22.30630050828648,24.165158883977018,0.464714593922635,3.4469272026018483,3.3090501144977744,3.584804290705922,0.06893854405203696,12543.086172344701
21.342685370741485,61.05336693332806,58.611232255994935,63.49550161066118,1.2210673386665611,97.54447836828932,93.64269923355775,101.44625750302089,1.9508895673657864,43.32986773428547,41.596673024914054,45.06306244365689,0.8665973546857094,23.212139511680768,22.283653931213536,24.140625092148,0.46424279023361537,3.4387744071418385,3.3012234308561648,3.576325383427512,0.06877548814283677,12561.12224448899
21.492985971943888,61.2611898069613,58.81074221468285,63.71163739923975,1.225223796139226,97.47860951819882,93.57946513747088,101.37775389892677,1.9495721903639764,43.51768162242721,41.77697435753012,45.2583888873243,0.8703536324485442,23.188588520056022,22.261044979253782,24.116132060858263,0.46377177040112044,3.4307539071770594,3.293523750889977,3.567984063464142,0.06861507814354119,12579.158316633278
21.643286573146295,61.46582343036075,59.00719049314632,63.92445636757518,1.229316468607215,97.41519414982693,93.51858638383385,101.31180191582001,1.9483038829965387,43.70332538549889,41.95519237007894,45.451458400918845,0.8740665077099778,23.165076635995476,22.238473570555655,24.091679701435297,0.46330153271990954,3.4228636223017728,3.2859490774097018,3.5597781671938433,0.06845727244603546,12597.194388777567
21.793587174348698,61.66731460934976,59.20062202497577,64.13400719372375,1.2333462921869953,97.35419197365623,93.46002429470998,101.24835965260247,1.9470838394731247,43.88682994869187,42.131356750744196,45.64230314663954,0.8777365989738374,23.141603774174452,22.215939623207476,24.06726792514143,0.46283207548348904,3.4151014648197604,3.27849740622697,3.551705523412551,0.06830202929639521,12615.230460921854
21.943887775551104,61.86571002494351,59.39108162394577,64.34033842594125,1.2373142004988702,97.29556281421529,93.40374030164668,101.1873853267839,1.9459112562843057,44.068226153087714,42.305497106964204,45.830955199211225,0.8813645230617543,23.118169849303293,22.193443055331162,24.042896643275423,0.4623633969860659,3.4074653543067153,3.2711667401344466,3.543763968478984,0.0681493070861343,12633.266533066142
22.094188376753507,62.061054144804956,59.578611979012756,64.54349631059715,1.2412210828960992,97.23926839879162,93.34969766283996,101.12883913474329,1.9447853679758325,44.24754341706976,42.47764168038697,46.01744515375255,0.8849508683413951,23.094774777091168,22.170983786007522,24.018565768174813,0.46189549554182335,3.3999533332447447,3.2639551999149545,3.5359514665745344,0.06799906666489489,12651.30260521043
22.244488977955914,62.25339309933863,59.763257375365086,64.74352882331218,1.2450678619867726,97.18526901959551,93.29785825881169,101.07267978037933,1.9437053803919102,44.4248122310574,42.647819741815105,46.2018047202997,0.8884962446211481,23.071418472514775,22.148561733614184,23.994275211415367,0.46142836945029553,3.392563351498356,3.256860817438422,3.528265885558291,0.06785126702996713,12669.33867735472
22.394789579158317,62.44277135134854,59.9450604972946,64.94048220540247,1.2488554270269707,97.13352641231813,93.24818535582541,101.01886746881085,1.9426705282463628,44.60006200771621,42.81605952740756,46.38406448802486,0.8920012401543242,23.04810085127653,22.12617681722547,23.97002488532759,0.46096201702553063,3.3852934378456343,3.2498817003318092,3.52070517535946,0.06770586875691269,12687.374749499008
22.545090180360724,62.62923251822835,60.12406321749921,65.13440181895749,1.252584650364567,97.08400306510731,93.20064294250302,100.9673631877116,1.9416800613021463,44.77332160118849,42.98238873714095,46.56425446523603,0.8954664320237699,23.0248218293883,22.10382895621277,23.945814702563833,0.460496436587766,3.3781416403069033,3.2430159746946274,3.5132673059191792,0.06756283280613808,12705.410821643296
22.695390781563127,62.812819396175136,60.30030662032813,65.32533217202214,1.2562563879235027,97.03666213382226,93.15519564846937,100.91812861917515,1.9407332426764452,44.94461936013067,43.14683458572544,46.7424041345359,0.8988923872026134,23.001581323343757,22.081518070410006,23.921644576277508,0.4600316264668751,3.371106081216624,3.236261837967959,3.5059503244652888,0.06742212162433248,12723.446893787584
22.845691382765533,62.99357452097349,60.47383154013455,65.51331750181242,1.2598714904194699,96.99146703226859,93.11180835097784,100.87112571355934,1.9398293406453717,45.113983445772554,43.30942410794165,46.918542783603456,0.9022796689154511,22.97837924966023,22.05924407967382,23.897514419646637,0.4595675849932046,3.3641849079419606,3.2296175116242822,3.498752304259639,0.06728369815883921,12741.482965931873
22.995991983967937,63.171540436515336,60.644678819054725,65.69840205397595,1.2634308087303068,96.94838119832292,93.07044595039001,100.82631644625583,1.9389676239664584,45.28144200629315,43.47018432604142,47.092699686544876,0.905628840125863,22.95521552476722,22.03700690377653,23.87342414575791,0.4591043104953444,3.357376301418494,3.2230812493617544,3.4916713534752333,0.06714752602836989,12759.519038076161
23.146292585170343,63.346757891558035,60.812887575895715,65.88062820722035,1.2669351578311607,96.90736957685057,93.03107479377655,100.78366435992459,1.9381473915370115,45.44702205719087,43.62914117490324,47.2649029394785,0.9089404411438174,22.932090066006065,22.014806463365822,23.849373668646308,0.45864180132012133,3.350678493616673,3.2166513538720065,3.48470563336134,0.06701356987233346,12777.55511022045
23.296593186372746,63.51926782428882,60.97849711131727,66.06003853726037,1.2703853564857763,96.8683969869779,92.99366110749878,100.74313286645702,1.937367939739558,45.61075071371006,43.786320685161655,47.43518074225847,0.9122150142742013,22.909002790539326,21.992642678917754,23.825362902160897,0.4581800558107865,3.3440896618531903,3.210326075379063,3.4778532483273183,0.06688179323706382,12795.591182364738
23.446893787575153,63.689110967905364,61.14154652918915,66.23667540662157,1.2737822193581072,96.83142844644985,92.95817130859186,100.70468558430784,1.936628568928997,45.7726549459461,43.94174874810826,47.60356114378394,0.915453098918922,22.88595361556939,21.970515470946616,23.801391760192168,0.45771907231138786,3.3376079328437953,3.2041036155300437,3.4711122501575473,0.0667521586568759,12813.627254509027
23.597194388777556,63.85632678579245,61.30207371436075,66.41057985722415,1.277126535715849,96.79643004887386,92.9245728469189,100.66828725082881,1.9359286009774772,45.932760917215575,44.09545048052695,47.7700713539042,0.9186552183443115,22.86294245890725,21.94842476055096,23.777460157263537,0.45725884917814497,3.3312315882014625,3.197982324673404,3.464480851729521,0.06662463176402925,12831.663326653315
23.747494989979963,64.02095453994737,61.460116358349474,66.58179272154527,1.2804190907989474,96.76336808914883,92.89283336558287,100.63390281271478,1.9352673617829765,46.091094644256,44.24745085848576,47.93473843002624,0.9218218928851201,22.839969238400414,21.9263704688644,23.75356800793643,0.4567993847680083,3.3249590056410034,3.1919606454153633,3.4579573658666436,0.06649918011282008,12849.699398797604
23.897795591182366,64.18303299489925,61.61571167510328,66.75035431469522,1.283660659897985,96.73220930531264,92.86292093310013,100.60149767752515,1.9346441861062529,46.2476818146054,44.39777454202118,48.09758908718962,0.924953636292108,22.817033872091578,21.904352517207915,23.72971522697524,0.45634067744183154,3.318788661879125,3.18603711540396,3.45154020835429,0.0663757732375825,12867.735470941892
24.048096192384772,64.34260025307547,61.76889624295246,66.9163042631985,1.2868520050615095,96.702921005291,92.83480416507936,100.57103784550264,1.9340584201058202,46.40254769008392,44.54644578248056,48.25864959768728,0.9280509538016785,22.794136278308738,21.882370827176388,23.705901729441088,0.45588272556617476,3.31271893227888,3.180210174987725,3.445227689570035,0.0662543786455776,12885.77154308618
24.198396793587175,64.49969383518678,61.9197060817793,67.07968158859424,1.2899938767037356,96.67547101811479,92.8084521773902,100.54248985883939,1.9335094203622958,46.555717145378146,44.69348845956302,48.41794583119327,0.9311143429075629,22.77127637561954,21.860425320594757,23.68212743064432,0.4554255275123908,3.3067480026043135,3.174478082500141,3.439017922708486,0.06613496005208626,12903.80761523047
24.348697394789582,64.6543506914151,62.0681766637585,67.24052471907171,1.2930870138283022,96.64982767656915,92.78383456950638,100.51582078363191,1.9329965535313829,46.70721468029584,44.838926093084005,48.57550326750768,0.9341442936059169,22.748454082826232,21.83851591951318,23.658392246139282,0.45496908165652467,3.3008740067005857,3.1688390464325624,3.4329089669686095,0.06601748013401172,12921.843687374758
24.498997995991985,64.80660728846831,62.21434299692958,67.39887158000704,1.2961321457693662,96.62595973687239,92.7609213473975,100.49099812634728,1.9325191947374478,46.85706447947183,44.982781900292956,48.731347058650705,0.9371412895894367,22.725669318919735,21.816642546162946,23.634696091676524,0.4545133863783947,3.2950953212701406,3.163291508419335,3.4268991341209465,0.0659019064254028,12939.879759519046
24.64929859719439,64.95649947600187,62.358239496961794,67.55475945504195,1.2991299895200374,96.60383650268624,92.73968304257879,100.46798996279368,1.9320767300537247,47.00529032001672,45.12507870721605,48.88550193281739,0.9401058064003344,22.702922003160356,21.794805123033942,23.61103888328677,0.4540584400632071,3.2894106984369276,3.1578342704994506,3.420987126374405,0.06578821396873855,12957.915831663337
24.799599198396795,65.10406253126578,62.49990003001515,67.70822503251641,1.3020812506253157,96.58342778354634,92.72009067220449,100.44676489488819,1.9316685556709268,47.15191560250036,45.265838978400346,49.03799222660037,0.9430383120500072,22.680212055049203,21.773003572847234,23.587420537251173,0.4536042411009841,3.283819129195802,3.1524663640279695,3.415171894363634,0.06567638258391605,12975.951903807623
24.9498997995992,65.24933120086963,62.63935795283485,67.85930444890442,1.3049866240173926,96.5647038574976,92.7021157031977,100.4272920117975,1.931294077149952,47.2969633789446,45.40508484378681,49.18884191410238,0.9459392675788919,22.65753939430123,21.751237818529184,23.56384097007328,0.45315078788602464,3.2783191846372306,3.147186417251741,3.4094519520227196,0.06556638369274462,12993.987975951914
25.100200400801604,65.39233971360068,62.77664612505665,68.00803330214471,1.3078467942720136,96.54763546418185,92.68573004561458,100.40954088274913,1.9309527092836372,47.44045635797927,45.5428381036601,49.33807461229844,0.9488091271595854,22.634903940856464,21.729507783222207,23.54030009849072,0.4526980788171293,3.272908883983026,3.141992528623705,3.4038252393423467,0.06545817767966051,13012.024048096202
25.25050100200401,65.53312169983535,62.91179683184193,68.15444656782876,1.310662433996707,96.53219386935695,92.67090611458266,100.39348162413123,1.930643877387139,47.58241685653288,45.67912018227157,49.48571353079419,0.9516483371306577,22.612305614900013,21.70781339030401,23.516797839496014,0.45224611229800027,3.2675868759841973,3.1368834009448294,3.398290351023565,0.06535173751968394,13030.06012024049
25.400801603206414,65.67171038301821,63.04484196769748,68.29857879833894,1.3134342076603642,96.51835070252822,92.65761667442709,100.37908473062936,1.9303670140505644,47.72286692068677,45.8139522438593,49.63178159751424,0.9544573384137354,22.58974433680738,21.686154563335087,23.493334110279676,0.45179488673614765,3.262351413151949,3.131857356625871,3.3928454696780266,0.06524702826303898,13048.096192384779
25.55110220440882,65.80813835799403,63.17581282367426,68.44046389231379,1.3161627671598806,96.5060781476891,92.64583502178154,100.36632127359665,1.930121562953782,47.86182818398847,45.947355056628936,49.77630131134801,0.9572365636797695,22.56722002720678,21.66453122611851,23.46990882829505,0.4513444005441356,3.2572008018185863,3.126912769745843,3.3874888338913296,0.06514401603637174,13066.132264529067
25.701402805611224,65.94243773610461,63.30474022666042,68.58013524554879,1.3188487547220922,96.49534881824422,92.63553486551446,100.35516277097399,1.9299069763648846,47.99932196030652,46.07934908189426,49.91929483871878,0.9599864392061304,22.544732606939586,21.642943302662005,23.446521911217168,0.45089465213879176,3.252134268149967,3.122048897423968,3.3822196388759656,0.06504268536299934,13084.168336673356
25.85170340681363,66.07464017144312,63.43165456458539,68.71762577830084,1.3214928034288624,96.4861357349641,92.62669030556553,100.34558116436266,1.929722714699282,48.13536926021092,46.209954489802485,50.06078403061936,0.9627073852042185,22.522281997054975,21.621390717172776,23.423173276937174,0.4504456399410995,3.247150841071778,3.117264807428907,3.377036874714649,0.06494301682143556,13102.204408817646
26.002004008016034,66.20477676225839,63.556585691768056,68.85296783274873,1.3240955352451678,96.47841241067391,92.61927591424696,100.33754890710087,1.9295682482134782,48.26999072794685,46.33919109882898,50.20079035706472,0.965399814558937,22.499868118842226,21.599873394088537,23.399862843595916,0.4499973623768445,3.242248830249225,3.112558877039256,3.371938783459194,0.06484497660498449,13120.240480961935
26.15230460921844,66.33287815822976,63.67956303190057,68.98619328455895,1.3266575631645952,96.472152755893,92.61326664565729,100.33103886612872,1.92944305511786,48.4032067116068,46.467078443142526,50.33933498007107,0.968064134232136,22.477490893789625,21.57839125803804,23.37659052954121,0.4495498178757925,3.23742694515527,3.1079298673490596,3.366924022961481,0.0647485389031054,13138.276553106225
26.302605210420843,66.45897452064494,63.80061553981915,69.11733350147074,1.3291794904128988,96.46733111442995,92.60863786985276,100.32602435900715,1.929346622288599,48.53503723660309,46.59363574713896,50.476438726067215,0.9707007447320618,22.455150243604223,21.556944233860055,23.35335625334839,0.4491030048720845,3.232683915171425,3.1033765585645683,3.3619912717782823,0.0646536783034285,13156.312625250514
26.45290581162325,66.58309519898306,63.91977139102374,69.24641900694238,1.331661903979661,96.4639225505065,92.60536564848624,100.32247945252675,1.92927845101013,48.665501791671595,46.71888172000473,50.61212186333846,0.9733100358334319,22.43284609036423,21.53553224674966,23.3301599339788,0.4486569218072846,3.2280185065017166,3.098897766241648,3.357139246761785,0.06456037013003434,13174.348697394802
26.603206412825653,66.70526965813049,64.03705887180527,69.37348044445571,1.33410539316261,96.46190202588883,92.60342594485329,100.32037810692438,1.9292380405177767,48.794619941917084,46.842835144240404,50.746404739593764,0.9758923988383417,22.41057835609318,21.514155221849453,23.307001490336905,0.4482115671218636,3.223429480727003,3.094492301497923,3.3523666599560826,0.06446858961454006,13192.38476953909
26.75350701402806,66.82552687264725,64.15250579774136,69.49854794755313,1.336510537452945,96.46124493739421,92.60279513989845,100.31969473488998,1.9292248987478844,48.92241092842753,46.96551449129043,50.879307365564635,0.9784482185685507,22.388346963035477,21.492813084514058,23.283880841556897,0.44776693926070954,3.2189156228176055,3.090158997904901,3.34767224773031,0.0643783124563521,13210.420841683379
26.903807615230463,66.94389507452924,64.26613927154807,69.6216508775104,1.3388779014905847,96.46192734095253,92.60345024731443,100.32040443459063,1.9292385468190505,49.04889350076013,47.086937760729725,51.010849240790535,0.9809778700152026,22.366151833799165,21.471505760447197,23.260797907151133,0.44732303667598333,3.214475752141513,3.085896722055852,3.3430547822271737,0.06428951504283024,13228.456913827667
27.05410821643287,67.06040201282232,64.37798593230943,69.74281809333522,1.3412080402564466,96.46392572086478,92.60536869203018,100.32248274969938,1.9292785144172957,49.174086089796255,47.207122646204404,51.141049533388106,0.9834817217959251,22.343992891192975,21.450233175545257,23.237752606840694,0.4468798578238595,3.210108711337915,3.0817043628843988,3.3385130597914316,0.06420217422675831,13246.492985971956
27.204408817635272,67.17507485723124,64.488071862942,69.86207785152048,1.3435014971446249,96.46721707551154,92.60852839249108,100.325905758532,1.929344341510231,49.2980067434304,47.32608647369318,51.26992701316762,0.985960134868608,22.321870058291662,21.428995255959997,23.214744860623327,0.44643740116583325,3.205813370415614,3.0775808355989898,3.3340459052322386,0.06411626740831228,13264.529058116244
27.35470941883768,67.28794085018659,64.59642321617912,69.97945848419405,1.3457588170037318,96.47177833903105,92.61290720546981,100.33064947259228,1.929435566780621,49.42067355596939,47.443846613730614,51.39750049820816,0.9884134711193877,22.299783258199625,21.40779192787164,23.19177458852761,0.4459956651639925,3.2015885856231048,3.0735250421981806,3.329652129048029,0.06403177171246209,13282.565130260533
27.505010020040082,67.39902617833829,64.70306513120475,70.09498722547183,1.347980523566766,96.477587382184,92.61848388689664,100.33669087747136,1.92955174764368,49.54210392504174,47.56041976804007,51.5237880820434,0.9908420785008347,22.27773241445804,21.38662311787972,23.16884171103636,0.4455546482891608,3.1974332707576694,3.0695359399273623,3.325330601587976,0.06394866541515339,13300.601202404821
27.65531062124249,67.5083566429077,64.80802237719139,70.208690908624,1.350167132858154,96.48462241780886,92.62523752109651,100.34400731452122,1.9296924483561773,49.662314993050515,47.675822393328495,51.648807592772535,0.9932462998610103,22.255717450801455,21.365488752769398,23.145946148833513,0.44511434901602914,3.193346354976662,3.065612500777595,3.3210802091757285,0.06386692709953323,13318.63727454911
27.80561122244489,67.61595829583614,64.91131996400269,70.32059662766959,1.3523191659167229,96.49286143610956,92.63314697866518,100.35257589355395,1.9298572287221913,49.78132406622179,47.79007110357292,51.772577028870664,0.9956264813244359,22.233738290935186,21.34438875929778,23.123087822572593,0.44467476581870374,3.189326755585296,3.061753685361884,3.316899825808708,0.06378653511170593,13336.673346693398
27.9559118236473,67.72185605981272,65.01298181742021,70.43073030220523,1.3544371211962545,96.50228342950136,92.64219209232131,100.36237476668141,1.9300456685900274,49.899147705617864,47.90318179739315,51.895113613842575,0.9979829541123573,22.211794859020923,21.323323064660087,23.10026665338176,0.44423589718041845,3.1853734412045274,3.057958503556346,3.3127883788527086,0.06370746882409055,13354.709418837687
28.1062124248497,67.82607463925565,65.11303165368543,70.53911762482588,1.356521492785113,96.5128675839882,92.65235288062867,100.37338228734772,1.9302573516797639,50.01580232719731,48.01517023410941,52.0164344202852,1.0003160465439462,22.18988707935764,21.302291596183334,23.077482562531944,0.4437977415871528,3.1814853903267672,3.0542259747136966,3.308744805939838,0.06362970780653535,13372.745490981973
28.256513026052108,67.92863867626356,65.21149312921301,70.64578422331411,1.3585727735252713,96.52459313988321,92.66360941428788,100.38557686547854,1.9304918627976642,50.13130430443172,48.12605213225445,52.136556476608995,1.0026260860886345,22.168014876356292,21.28129428130204,23.054735471410545,0.44336029752712586,3.1776615848980954,3.0505551215021716,3.304768048294019,0.0635532316979619,13390.781563126264
28.40681362725451,68.02957204583348,65.30838916400013,70.75075492766682,1.3605914409166695,96.53744001903613,92.67594241827469,100.39893761979756,1.9307488003807225,50.245669504275526,48.23584272410451,52.255496284446544,1.0049133900855105,22.1461781747303,21.260331047741087,23.03202530171951,0.442923563494606,3.1739010410806987,3.0469449994374704,3.3008570827239265,0.06347802082161397,13408.817635270552
28.557114228456918,68.12889835048352,65.40374241646418,70.85405428450287,1.3625779670096705,96.55138838446562,92.689332849087,100.41344391984425,1.9310277676893126,50.35891361282151,48.34455706830865,52.37327015733437,1.0071782722564302,22.124376899367245,21.239401823392555,23.009351975341936,0.4424875379873449,3.1702027873601715,3.0433946758657644,3.2970108988545785,0.06340405574720344,13426.853707414839
28.70741482965932,68.22664099853189,65.49757535859061,70.95570663847317,1.364532819970638,96.56641856923363,92.70376182646429,100.42907531200298,1.9313283713846727,50.47105218679455,48.45221009932277,52.489894274266334,1.009421043735891,22.102610975352835,21.218506536338722,22.986715414366948,0.4420522195070567,3.16656585857222,3.0399032242293313,3.2932284929151083,0.0633313171714444,13444.889779559127
28.857715430861724,68.32282273189412,65.58990982261835,71.05573564116989,1.3664564546378823,96.58251150034107,92.71921104032742,100.44581196035472,1.9316502300068215,50.58210034276532,48.55881632905471,52.60538435647594,1.0116420068553065,22.080880327985604,21.19764511486618,22.964115541105027,0.4416176065597121,3.1629893229093518,3.036469749992978,3.2895088958257257,0.06325978645818704,13462.925851703416
29.00801603206413,68.41746599251867,65.68076735281792,71.15416463221942,1.3683493198503736,96.59964836977917,92.735662434988,100.46363430457035,1.9319929673955836,50.69207299832461,48.66439007839163,52.7197559182576,1.0138414599664922,22.0591848827655,21.17681748745488,22.94155227807612,0.44118369765531,3.1594722609633252,3.033093370524792,3.2858511514018582,0.0631894452192665,13480.961923847704
29.158316633266534,68.51059284800355,65.77016913408342,71.25101656192369,1.3702118569600712,96.61781070125386,92.7530982732037,100.48252312930401,1.9323562140250772,50.80098482315122,48.768945430225166,52.83302421607727,1.0160196964630244,22.037524565396613,21.156023582780747,22.919025548012478,0.44075049130793226,3.156013769939198,3.0297732191416302,3.2822543207367656,0.06312027539878395,13498.997995991993
29.30861723446894,68.60222533280565,65.85813631949343,71.34631434611786,1.3720445066561129,96.63698004307614,92.77150084135309,100.50245924479918,1.9327396008615227,50.908850463980116,48.872496445420914,52.94520448253932,1.0181770092796023,22.015899301782888,21.135263329711574,22.8965352738542,0.44031798603565775,3.152612943484394,3.0265084257450185,3.27871746122377,0.06305225886968789,13517.034068136281
29.458917835671343,68.69238465454418,65.94468926836242,71.44008004072595,1.3738476930908836,96.6571386825384,92.79085313523687,100.52342422983993,1.933142773650768,51.0156840212978,48.97505666044589,53.056311382149715,1.020313680425956,21.994309018038052,21.11453665731653,22.874081378759573,0.43988618036076105,3.149268918608879,3.0232981618645236,3.275239675353234,0.06298537837217758,13535.07014028057
29.60921843687375,68.78109179646849,66.02984812460974,71.53233546832723,1.3756218359293697,96.67826910365605,92.81113833950981,100.54539986780229,1.9335653820731211,51.1214994465648,49.076639468702204,53.16635942442739,1.022429988931296,21.97275364047807,21.093843494858948,22.851663786097195,0.4394550728095614,3.1459808400696683,3.0201416064668813,3.271820073672455,0.06291961680139337,13553.106212424858
29.759519038076153,68.86836737266495,66.11363267775835,71.62310206757155,1.377367347453299,96.70035411750227,92.83233995280219,100.56836828220236,1.9340070823500455,51.22631044676084,49.17725802889041,53.275362864631276,1.024526208935217,21.951233095622158,21.07318377179727,22.829282419447043,0.43902466191244316,3.142747869022982,3.017037954262063,3.2684577837839015,0.06285495738045964,13571.142284569147
29.90981963927856,68.95423217925163,66.19606289208157,71.7124014664217,1.3790846435850328,96.72337636676818,92.85444131209745,100.59231142143891,1.9344675273353635,51.33013084839538,49.276925614459564,53.38333608233119,1.0266026169679077,21.929747310140403,21.052557417734786,22.80693720254602,0.4385949462028081,3.139569155494661,3.0139863892748746,3.2651519217144473,0.06279138310989321,13589.178356713435
30.060120240480963,69.03870598468274,66.27715774529543,71.80025422407004,1.3807741196936547,96.74731941309483,92.87742663657103,100.61721218961863,1.9349463882618967,51.43297379862103,49.375654846676184,53.49029275056587,1.0286594759724206,21.908296210968665,21.03196436252992,22.78462805940741,0.4381659242193733,3.1364438987987913,3.0109861428468396,3.2619016547507425,0.06272887797597582,13607.214428857724
30.21042084168337,69.12180843043535,66.35693609321794,71.88668076765276,1.382436168608707,96.77216692749303,92.90128025039331,100.64305360459275,1.9354433385498606,51.53485236004984,49.47345826564785,53.59624645445183,1.0306970472009969,21.886879725223018,21.011404536214098,22.76235491423194,0.43773759450446037,3.133371302552615,3.0080364504505104,3.2587061546547194,0.0626674260510523,13625.250501002012
30.360721442885772,69.20355880178629,66.43541644971484,71.97170115385774,1.3840711760357258,96.79790289638015,92.92598678052495,100.66981901223535,1.935958057927603,51.63577935937353,49.570348184998586,53.70121053374847,1.0327155871874707,21.86549778022156,20.990877869012696,22.740117691430424,0.4373099556044312,3.1303505861251635,3.005136562680157,3.25556460957017,0.06260701172250328,13643.2865731463
30.51102204408818,69.28397663962708,66.512617574042,72.05533570521217,1.3856795327925417,96.82451107167036,92.95153062880354,100.69749151453718,1.9364902214334072,51.735767792002356,49.666337080322265,53.80519850368245,1.034715355840047,21.844150303400887,20.970384291264853,22.71791631553692,0.4368830060680178,3.12738095515444,3.0022857169482626,3.2524761933606174,0.06254761910308879,13661.32264529059
30.661322645290582,69.36308045571259,66.58855723748408,72.1376036739411,1.3872616091142518,96.85197612553075,92.97789708050952,100.72605517055199,1.9370395225106152,51.83482997236343,49.761436773468894,53.908223171257966,1.0366965994472686,21.82283722249143,20.949923733591774,22.695750711391085,0.4364567444498286,3.1244616634584252,2.9994831969200884,3.249440129996762,0.0624892332691685,13679.358717434878
30.81162324649299,69.44088864654984,66.66325310068784,72.21852419241183,1.3888177729309967,96.88028282896283,93.00507151580432,100.75549414212135,1.9376056565792568,51.932978138323364,49.855659012790426,54.0102972638563,1.0386595627664672,21.80155846539272,20.92949612677701,22.67362080400843,0.4360311693078544,3.121591968995604,2.99672829023578,3.2464556477554285,0.06243183937991208,13697.394789579166
30.96192384769539,69.51741928745753,66.73672251595923,72.29811605895583,1.3903483857491505,96.90941623690524,93.03303958742903,100.78579288638146,1.9381883247381049,52.030224314984515,49.94901534238514,54.11143328758389,1.0406044862996904,21.780313960201525,20.909101401793464,22.651526518609586,0.4356062792040305,3.11877114378905,2.9940202980374884,3.2435219895406124,0.06237542287578101,13715.430861723455
31.1122244488978,69.59269063839902,66.80898301286305,72.37639826393499,1.3918538127679805,96.93936123318834,93.0617867838608,100.81693568251588,1.9387872246637667,52.12658064968625,50.0415174236988,54.211643875673694,1.042531612993725,21.759103635136444,20.888739489730987,22.6294677805419,0.4351820727027289,3.115998449472338,2.9913585114934444,3.2406383874512312,0.06231996898944676,13733.466933867743
31.2625250501002,69.66672014640831,66.88005134055197,72.45338895226465,1.3933344029281662,96.97010342793301,93.0912992908157,100.84890756505033,1.9394020685586604,52.222058751352435,50.133176401298336,54.310941101406534,1.0444411750270488,21.73792741868634,20.868410321938885,22.607444515433794,0.4347585483737268,3.113273185513487,2.9887422580929477,3.2378041129340267,0.06226546371026974,13751.503006012032
31.412825651302608,69.73952500444516,66.94994400426735,72.52910600462296,1.3947905000889032,97.0016286548152,93.1215635086226,100.88169380100781,1.9400325730963042,52.31667006059835,50.22400325817441,54.40933686302228,1.046333401211967,21.71678523952719,20.848113829946104,22.585456649108277,0.43433570479054384,3.110594662199232,2.986170875711263,3.2350184486872013,0.06221189324398464,13769.53907815632
31.56312625250501,69.81112217070364,67.01867728387549,72.60356705753179,1.3962224434140729,97.03392295369622,93.15256603554838,100.91527987184406,1.9406784590739243,52.41042586251793,50.314008828017215,54.50684289701865,1.0482085172503586,21.695677026519217,20.82784994545845,22.563504107579984,0.43391354053038433,3.1079621997016096,2.9836437117135453,3.232280687689674,0.0621592439940322,13787.575150300609
31.713426853707418,69.88152890107501,67.08626774503202,72.67679005711801,1.3976305780215004,97.06697209088306,93.18429320724773,100.94965097451838,1.941339441817661,52.50333763987658,50.403204134281516,54.60347114547164,1.0500667527975316,21.67460270862873,20.80761860028358,22.54158681697388,0.4334920541725746,3.1053751033893056,2.9811600992537333,3.2295901075248774,0.06210750206778612,13805.611222444895
31.86372745490982,69.95076145946965,67.15273100109086,72.74879191784844,1.399015229189393,97.10076272087824,93.21673221204311,100.98479322971336,1.9420152544175648,52.59541621781515,50.49159956910254,54.69923286652776,1.051908324356303,21.653562215117745,20.787419726513036,22.519704703722454,0.4330712443023549,3.102832723946585,2.9787194149887215,3.226946032904449,0.0620566544789317,13823.647294589184
32.014028056112224,70.01883597377056,67.21808253481974,72.81958941272138,1.4003767194754113,97.13528161534333,93.2498703507296,101.02069287995707,1.9427056323068668,52.686672331497235,50.579205438237345,54.794139224757124,1.0537334466299446,21.632555475418112,20.76725325640139,22.497857694434835,0.4326511095083623,3.100334417456119,2.9763210407578744,3.224347794154364,0.06200668834912239,13841.683366733472
32.164328657314634,70.08576836404852,67.28233762948658,72.88919909861046,1.4017153672809703,97.17051572776995,93.28369509865915,101.05733635688075,1.9434103145553991,52.777116578497385,50.666031915357486,54.88820124163728,1.0555423315699477,21.61158241914208,20.747119122376397,22.476045715907766,0.4322316483828416,3.0978795487359014,2.9739643667864653,3.221794730685337,0.06195759097471803,13859.719438877763
32.31462925851704,70.15157428786726,67.34551131635257,72.95763725938195,1.4030314857573454,97.20645224275586,93.31819415304562,101.0947103324661,1.9441290448551172,52.866759382523156,50.75208900722223,54.98142975782408,1.057335187650463,21.590642976090308,20.727017257046697,22.45426869513392,0.43181285952180615,3.095467493879366,2.9716487941241914,3.2192861936345407,0.06190934987758732,13877.755511022051
32.46492985971944,70.21626914795345,67.40761838203531,73.0249199138716,1.4043253829590692,97.24307856910283,93.35335542633872,101.13280171186695,1.9448615713820567,52.95561099849652,50.83738655855666,55.073835438436376,1.0591122199699303,21.56973707625074,20.70694759320071,22.43252655930077,0.4313947415250148,3.0930976398878696,2.969373734292355,3.2168215454833846,0.06186195279775739,13895.79158316634
32.61523046092184,70.27986834244946,67.46867360875149,73.09106307614744,1.4055973668489892,97.28038211399695,93.38916682943707,101.17159739855683,1.945607642279939,53.04368167889259,50.921934411736885,55.165428946048294,1.060873633577852,21.548864649761956,20.686910063771478,22.410819235752435,0.4309772929952391,3.0907693705314565,2.967138595710198,3.2144001453527147,0.061815387410629134,13913.827655310626
32.76553106212425,70.3423868095751,67.5286913371921,73.1560822819581,1.4068477361915022,97.31835069394614,93.4256166661883,101.21108472170398,1.9463670138789229,53.130981371034906,51.00574211619351,55.2562206258763,1.062619627420698,21.528025626979808,20.666904601900615,22.389146652059,0.43056051253959615,3.0884820922668683,2.9649428085761933,3.212021375957543,0.06176964184533736,13931.863727454915
32.91583166332666,70.40383925459949,67.5876856844155,73.21999282478347,1.4080767850919897,97.35697232997016,93.46269343677136,101.25125122316896,1.9471394465994032,53.21751986795815,51.088819073239826,55.34622066267648,1.064350397359163,21.507219938444173,20.646931140906407,22.36750873598194,0.4301443987688835,3.0862352214199955,2.962785812563196,3.2096846302767954,0.06172470442839991,13949.899799599203
33.06613226452906,70.46424022136777,67.64567061251306,73.28280983022249,1.4092848044273556,97.39623518307124,93.50038577574838,101.2920845903941,1.947924703661425,53.30330685593848,51.17117458170094,55.43543913017602,1.0660661371187696,21.486447514868473,20.626989614273736,22.34590541546321,0.42972895029736946,3.0840281801931355,2.96066705298541,3.207389307400861,0.06168056360386271,13967.935871743492
33.21643286573146,70.52360405035998,67.70265988834558,73.34454821237438,1.4104720810071996,97.43612759210339,93.53868248841925,101.33357269578752,1.9487225518420679,53.38835188659557,51.25281781113175,55.523885962059396,1.0677670377319115,21.46570828714581,20.607079955659977,22.32433661863164,0.4293141657429162,3.0818603991139515,2.9585859831493937,3.2051348150785097,0.06163720798227903,13985.97194388778
33.36673346693387,70.58194488723717,67.75866709174768,73.40522268272666,1.4116388977447434,97.4766380660795,93.57757254343632,101.37570358872269,1.94953276132159,53.47266438255639,51.33375780725413,55.611570957858646,1.0694532876511278,21.44500218634768,20.587202098893773,22.302802273801586,0.4289000437269536,3.079731316618208,2.9565420639534796,3.202920569282936,0.06159462633236416,14004.00801603207
33.517034068136276,70.63927626310206,67.81370521257799,73.46484731362614,1.4127855252620412,97.51775566143615,93.6170454349787,101.4184658878936,1.9503551132287231,53.55625336000646,51.4140032256062,55.698503494406715,1.0711250672001291,21.42432914378065,20.567355978029426,22.281302309531874,0.42848658287561303,3.0776404048264245,2.9545347886333673,3.200746021019482,0.061552808096528494,14022.044088176357
33.66733466933868,70.69561180486271,67.8677873326682,73.52343627705721,1.4139122360972542,97.55946934352353,93.6570905697826,101.46184811726447,1.9511893868704706,53.63912789828058,51.49356278234936,55.7846930142118,1.0727825579656116,21.40368909089017,20.547541527254563,22.259836654525774,0.42807378181780337,3.075587126203508,2.9525636411553675,3.1986106112516484,0.061511742524070157,14040.080160320646
33.81763527054108,70.75096512551454,67.92092652049396,73.58100373053512,1.4150193025102908,97.6017680852125,93.697697361804,101.505838808621,1.95203536170425,53.72129706734966,51.57244518465567,55.87014895004365,1.0744259413469932,21.383081959275277,20.527758680904267,22.238405237646287,0.42766163918550554,3.0735709403745184,2.950628102759538,3.1965137779894994,0.06147141880749038,14058.116232464934
33.96793587174349,70.80534950406403,67.97313552390146,73.63756348422659,1.4161069900812806,97.64464115457872,93.73885550839557,101.55042680076187,1.9528928230915745,53.80276971625293,51.65065892760281,55.95488050490305,1.0760553943250586,21.362507680731813,20.50800737350254,22.217007987961086,0.42725015361463625,3.0715913238059263,2.9487276708536894,3.194454976758163,0.06143182647611853,14076.152304609222
34.118236472945895,70.8587780401217,68.02442691851684,73.69312916172657,1.4171755608024341,97.688077975938,93.78055485690048,101.59560109497552,1.95376155951876,53.88355457530396,51.7282123922918,56.03889675831612,1.0776710915060792,21.341966187231385,20.48828753974213,22.19564483472064,0.42683932374462774,3.069647760456142,2.946861850037896,3.1924336708743875,0.06139295520912283,14094.188376753511
34.2685370741483,70.9112636606126,68.0748131141881,73.7477142070371,1.4182252732122522,97.73206812380359,93.82278539885144,101.64135084875574,1.9546413624760717,53.96366026054091,51.80511385011928,56.12220667096255,1.0792732052108183,21.32145741092034,20.468599114483524,22.174315707357152,0.4264291482184068,3.0677397414705188,2.945030151811698,3.1904493311293396,0.06135479482941037,14112.2244488978
34.4188376753507,70.96281862957035,68.12430588438754,73.80133137475316,1.4192563725914071,97.77660176401143,93.86553769345097,101.68766583457189,1.9555320352802286,54.04309494934302,51.8813711513693,56.20481874731674,1.0808618989868604,21.3009812841833,20.448942032815967,22.153020535550635,0.426019625683666,3.0658667870500858,2.9432321155680823,3.188501458532089,0.06131733574100171,14130.260521042088
34.56913827655311,71.01345518832862,68.17291698079548,73.85399339586176,1.4202691037665724,97.82166907761675,93.90880231451207,101.73453584072142,1.956433381552335,54.12186680408603,51.95699213192259,56.286741476249475,1.0824373360817208,21.280537739559872,20.429316229977477,22.131759249142267,0.4256107547911974,3.064028417878962,2.9414672811638036,3.1865895545941205,0.061280568357579245,14148.296593186376
34.719438877755515,71.06318584509478,68.22065841129098,73.90571327889857,1.4212637169018956,97.86726000030642,93.95256960029415,101.78195040031868,1.9573452000061284,54.199984163776755,52.03198479722568,56.36798353032783,1.0839996832755352,21.260126709706867,20.409721641318594,22.11053177809514,0.42520253419413734,3.0622241421972713,2.9397351765093807,3.184713107885162,0.06124448284394544,14166.332665330665
34.86973947895792,71.11202266337979,68.2675417568446,73.95650356991499,1.4222404532675958,97.91336486272704,93.99683026821795,101.82989945723612,1.9582672972545407,54.27745507318214,52.10635687025486,56.44855327610942,1.085549101463643,21.23974812749061,20.390158202390985,22.089338052590236,0.4247949625498122,3.060453487547715,2.938035348045806,3.1828716270496233,0.0612090697509543,14184.368737474953
35.02004008016032,71.15997752934855,68.31357842817461,74.0063766305225,1.423199550586971,97.95997414989588,94.04157518390005,101.87837311589172,1.9591994829979178,54.35428745975762,52.180115961367314,56.52845895814793,1.0870857491951524,21.21940192595203,20.37062584891395,22.068178002990113,0.4243880385190406,3.0587159888401425,2.9363673492865368,3.1810646283937483,0.06117431977680285,14202.404809619242
35.17034068136273,71.2070621559441,68.35877966970634,74.05534464218186,1.424141243118882,98.00707849748538,94.08679535758597,101.92736163738479,1.9601415699497076,54.430489136385816,52.253269570930385,56.60770870184125,1.0886097827277164,21.19908803830601,20.35112451677377,22.04705155983825,0.4239817607661202,3.057011188161975,2.9347307406354957,3.179291635688454,0.06114022376323949,14220.44088176353
35.320641282565134,71.25328790642182,68.40315639016495,74.10341942267868,1.4250657581284363,98.05466885124403,94.13248209719427,101.97685560529379,1.9610933770248806,54.50606768431118,52.32582497693873,56.686310391683634,1.0901213536862238,21.17880639795991,20.331654142041515,22.025958653878305,0.4235761279591982,3.0553386419167494,2.9331250962400794,3.1775521875934194,0.06110677283833499,14238.476953907819
35.47094188376754,71.29866593520354,68.4467192977954,74.15061257261169,1.4259733187040708,98.10273633976557,94.17862688617495,102.02684579335619,1.9620547267953115,54.581030546586014,52.397789324722574,56.764271768449454,1.0916206109317204,21.15855693849833,20.312214660958396,22.00489921603826,0.4231711387699666,3.053697915086191,2.9315499984827436,3.1758458316896387,0.061073958301723824,14256.513026052107
35.62124248496994,71.34320751184443,68.48947921137065,74.1969358123182,1.4268641502368886,98.15127198184341,94.22522110256968,102.07732286111714,1.9630254396368683,54.65538524299433,52.469169833274556,56.8416006527141,1.0931077048598865,21.138339593648396,20.29280600990246,21.983873177394333,0.42276679187296795,3.0520885680617726,2.9300050253393017,3.1741721107842436,0.06104177136123545,14274.549098196396
35.77154308617235,71.38692359010606,68.53144664650182,74.24240053371031,1.4277384718021213,98.20026707575892,94.27225639272856,102.12827775878927,1.9640053415151784,54.7291390841758,52.539973520808765,56.91830464754283,1.094582781683516,21.118154297325383,20.273428125432368,21.962880469218398,0.4223630859465077,3.05051017410901,2.92848976714465,3.1725305810733704,0.061010203482180204,14292.585170340684
35.92184368737475,71.4298249538608,68.57263195570637,74.28701795201523,1.428596499077216,98.24971306748904,94.31972454478948,102.1797015901886,1.9649942613497808,54.802299268422026,52.61020729768514,56.99439123915891,1.0960459853684406,21.098000983616927,20.25408094427225,21.941921022961605,0.42196001967233854,3.0489623134246044,2.9270038208876206,3.1709208059615883,0.06097924626849209,14310.621242484973
36.07214428857716,71.47192222003765,68.61304533123615,74.33079910883916,1.429438444400753,98.29960154805497,94.36761748613277,102.23158560997716,1.9659920309610994,54.874872883633756,52.67987796828841,57.069867798979104,1.0974974576726753,21.07787958678249,20.23476440331119,21.92099477025379,0.42155759173564983,3.047444572994665,2.9255467900748786,3.1693423559144516,0.0609488914598933,14328.657314629261
36.22244488977956,71.51322585693933,68.65269682266175,74.3737548912169,1.4302645171387867,98.34992423751173,94.41592726801126,102.2839212070122,1.9669984847502346,54.94686691926237,52.74899224249187,57.144741596032866,1.0989373383852474,21.057790041246644,20.21547843959678,21.90010164289651,0.42115580082493287,3.045956547170972,2.924118285284133,3.167794809057811,0.06091913094341944,14346.69338677355
36.37274549098197,71.5537461877953,68.69159634028348,74.41589603530711,1.431074923755906,98.40067298176942,94.46464606249864,102.33669990104019,1.9680134596353884,55.01828826866146,52.817556737915,57.21901979940792,1.1003657653732293,21.037732281598252,20.196222990334324,21.87924157286218,0.4207546456319651,3.0444978375575618,2.9227179240552594,3.166277751059864,0.06088995675115124,14364.729458917838
36.52304609218437,71.5934933380773,68.7297536045542,74.45723307160038,1.431869866761546,98.45183979829213,94.51376620636044,102.38991339022381,1.9690367959658426,55.08914369490852,52.88557794711218,57.29270944270486,1.1017828738981705,21.017706242612217,20.17699799290773,21.858414492316705,0.4203541248522443,3.043068050270189,2.9213453282593815,3.1647907722809965,0.06086136100540378,14382.765531062127
36.673346693386776,71.63247729823797,68.76717820630846,74.49777639016749,1.4326495459647595,98.50341682147936,94.5632801486202,102.44355349433853,1.9700683364295872,55.159439871601144,52.9530622767371,57.36581746646519,1.103188797432023,20.997711859224943,20.157803384855946,21.83762033359394,0.41995423718449887,3.041666798587735,2.9200001266442253,3.163333470531244,0.06083333597175469,14400.801603206415
36.82364729458918,71.67070790843675,68.80387959209928,74.53753622477423,1.4334141581687352,98.55539631585046,94.61318046321644,102.49761216848448,1.9711079263170093,55.22918337297903,53.02001603805987,57.43835070789819,1.1045836674595806,20.977749066541115,20.13863910387947,21.81685902920276,0.4195549813308223,3.04029370195928,2.918681953880909,3.161905450037651,0.0608058740391856,14418.837675350704
36.97394789579159,71.7081948616176,68.8398670671529,74.5765226560823,1.434163897232352,98.60777067327899,94.66345984634783,102.55208150021015,1.9721554134655799,55.29838067596677,53.086445448928096,57.51031590300544,1.1059676135193355,20.957817799833073,20.11950508783975,21.796130511826394,0.41915635599666146,3.0389483858684816,2.9173904504337425,3.160506321303221,0.06077896771736964,14436.873747494992
37.12424849699399,71.74494772126589,68.87514981241526,74.61474563011652,1.4348989544253177,98.6605323975407,94.71411110163908,102.60695369344234,1.9732106479508142,55.367038171766225,53.152356644895576,57.581719698636874,1.1073407634353245,20.937917994533024,20.100401274751704,21.775434714314343,0.41875835989066046,3.0376304809039065,2.91612526166775,3.159135700140063,0.06075260961807813,14454.90981963928
37.274549098196395,71.78097593617055,68.90973689872372,74.65221497361738,1.435619518723411,98.71367409144979,94.7651271277918,102.66222105510778,1.9742734818289958,55.43516217550036,53.217755688480345,57.65256866252037,1.1087032435100073,20.918049586226697,20.08132760277763,21.754771569675764,0.41836099172453395,3.0363396219913676,2.914886037111713,3.1577932068710224,0.06072679243982736,14472.94589178357
37.4248496993988,71.81628875029142,68.94363720027977,74.68894030030307,1.4363257750058285,98.76718853464989,94.8165009932639,102.71787607603588,1.975343770692998,55.50275886761797,53.282648512913255,57.722869222322686,1.1100551773523595,20.898212510698368,20.06228401027043,21.734141011126304,0.4179642502139674,3.0350754533003563,2.9136724351683423,3.1564784714323704,0.06070150906600713,14490.981963927858
37.57515030060121,71.85089530480234,68.97685949261025,74.72493111699443,1.4370179060960468,98.8210685953181,94.86822585150537,102.77391133913082,1.976421371906362,55.56983436031837,53.347040985905636,57.7926277347311,1.1113966872063674,20.878406703881822,20.043270435726548,21.713542972037096,0.41756813407763643,3.033837622755062,2.9124841178448593,3.155191127665264,0.06067675245510123,14509.018036072146
37.72545090180361,71.8848046097578,69.00941242536749,74.7601967941481,1.4376960921951558,98.87530725454616,94.92029496436432,102.830319544728,1.9775061450909233,55.63639467915973,53.41093889199334,57.86185046632612,1.1127278935831946,20.858632101875088,20.024286817800085,21.69297738595009,0.41717264203750176,3.0326257835978727,2.9113207522539577,3.1539308149417873,0.06065251567195745,14527.054108216435
37.875751503006015,71.91802554720462,69.04130452531643,74.79474656909281,1.4383605109440925,98.92989760354561,94.97270169940379,102.88709350768744,1.9785979520709123,55.70244576512382,53.47434793451887,57.93054359572877,1.1140489153024764,20.83888864093985,20.005333095302255,21.672444186577444,0.416777772818797,3.031439594251923,2.9101820104818463,3.152697178022,0.06062879188503847,14545.090180360723
38.02605210420842,71.95056687429361,69.07254419932187,74.82858954926536,1.4390113374858724,98.98483284085282,95.02543952721871,102.94422615448693,1.9796966568170564,55.76799347668077,53.53727373761354,57.998713215748005,1.1153598695336155,20.819176257500793,19.98640920720076,21.651943307800824,0.41638352515001587,3.0302787181836415,2.9090675694562957,3.1514898669109868,0.06060557436367283,14563.126252505012
38.17635270541083,71.98243722639107,69.10313973733543,74.86173471544672,1.4396487445278214,99.04010626953404,95.07850201875267,103.0017105203154,1.9808021253906807,55.83304359185386,53.599721848179705,58.06636533552801,1.1166608718370772,20.799494888144995,19.967515092619195,21.631474683670795,0.4159898977628999,3.0291428237652918,2.9079771108146804,3.1503085367159036,0.06058285647530584,14581.162324649302
38.32665330661323,72.01364512019046,69.13309931538284,74.89419092499809,1.4402729024038092,99.09571129439061,95.13188284261498,103.05953974616624,1.9819142258878122,55.897601810284314,53.66169773787294,58.13350588269569,1.1179520362056863,20.77984446962129,19.948650690836438,21.61103824840614,0.4155968893924258,3.028031584137525,2.906910320772024,3.149152847503026,0.0605606316827505,14599.19839679359
38.476953907815634,72.04419895682409,69.16243099855113,74.92596691509705,1.4408839791364818,99.15164141916402,95.18557576239746,103.11770707593058,1.9830328283832805,55.96167375529604,53.723206805084196,58.200140705507884,1.1192334751059207,20.76022493883964,19.929815941286055,21.59063393639323,0.41520449877679283,3.026944677071921,2.9058668899890443,3.1480224641547983,0.060538893541438425,14617.234468937877
38.62725450901804,72.07410652530584,69.1911422642936,74.95707078631807,1.4414821305061167,99.20789069831986,95.23957507038706,103.17620632625265,1.9841578139663971,56.02526464353715,53.784254057795664,58.266275229278634,1.120505292870743,20.740636232891614,19.91101078357595,21.570261682207278,0.4148127246578323,3.0258818079580143,2.9048465356396935,3.1469170802763347,0.06051763615916029,14635.270541082165
38.77755511022044,72.1033762501275,69.2192412001224,74.9875113001326,1.4420675250025499,99.26445260206998,95.29387449798718,103.23503070615278,1.9852890520413997,56.088380114984496,53.84484491038511,58.33191531958388,1.1217676022996899,20.72107828899722,19.89223515743733,21.54992142055711,0.4144215657799444,3.0248426520715714,2.9038489459887087,3.1458363581544346,0.06049685304143143,14653.306613226454
38.92785571142285,72.13201617325322,69.24673552632309,75.01729682018335,1.4426403234650644,99.3213209425496,95.34846810484763,103.29417378025158,1.9864264188509921,56.151025555672305,53.904984533445415,58.397066577899196,1.1230205111134461,20.701551044547386,19.873489002765492,21.52961308632928,0.41403102089094773,3.0238269016940427,2.902873825626281,3.144779977761804,0.06047653803388086,14671.342685370744
39.078156312625254,72.16003420786195,69.27363283954747,75.04643557617644,1.4432006841572391,99.37848964300848,95.40335005728814,103.35362922872882,1.9875697928601697,56.213206266498325,53.964678015838395,58.461734517158256,1.1242641253299666,20.682054437092763,19.854772259609053,21.509336614576473,0.4136410887418553,3.0228342543760127,2.901920884200972,3.1437476245510534,0.06045668508752025,14689.378757515033
39.22845691382766,72.18743816101968,69.2999406345789,75.07493568746047,1.4437487632203938,99.43595271722029,95.45851460853147,103.4133908259091,1.9887190543444058,56.27492747830213,54.02393037917005,58.52592457743422,1.1254985495660426,20.662588404342255,19.836084868168566,21.489091940515944,0.4132517680868451,3.021864411894486,2.9009898354187067,3.142738988370265,0.060437288237889714,14707.414829659321
39.37875751503006,72.21423573650821,69.32566630704788,75.10280516596855,1.4442847147301643,99.4937042669454,95.51395609626758,103.47345243762322,1.989874085338908,56.33619435374166,54.082746579592,58.589642127891324,1.1267238870748333,20.64315288416241,19.817426768795915,21.468878999528908,0.4128630576832482,3.0209170801285254,2.9000803969233844,3.1417537633336665,0.060418341602570515,14725.450901803608
39.52905811623247,72.24043453765361,69.35081715614747,75.13005191915975,1.4448086907530724,99.55173847939324,95.56966894021751,103.53380801856896,1.9910347695878647,56.397011989169634,54.14113150960285,58.65289246873642,1.1279402397833926,20.623747814576834,19.798797901993762,21.448697727159907,0.4124749562915367,3.0199919689349,2.8991922901775036,3.140791647692296,0.060399839378698,14743.486973947898
39.67935871743487,72.26604207015491,69.37540038734872,75.1566837529611,1.4453208414030982,99.61004962468488,95.62564763969748,103.59445160967228,1.9922009924936976,56.457385416510135,54.19908999984973,58.71568083317054,1.1291477083302028,20.604373133765534,19.780198208414912,21.428548059116157,0.4120874626753107,3.019088792023726,2.898325240342777,3.1398523437046753,0.06038177584047452,14761.523046092187
39.829659318637276,72.29106574491274,69.39942311511624,75.18270837470925,1.4458213148982548,99.66863205331575,95.68188677118312,103.65537733544838,1.993372641066315,56.517319605135064,54.25662682092966,58.77801238934047,1.1303463921027013,20.58502878006432,19.761627628861746,21.408429931266895,0.4117005756012864,3.0182072668341116,2.897478976160747,3.1389355575074758,0.06036414533668223,14779.559118236475
39.97995991983968,72.31551228420902,69.42289179284066,75.20813277557738,1.4463102456841805,99.72748073444305,95.73838150506532,103.71657996382078,1.994549614688861,56.576819067351195,54.313746304657144,58.83989183004525,1.1315363813470238,20.56571469200909,19.74308610432873,21.388343279689455,0.41131429384018187,3.017347142590899,2.896653256887263,3.1380410282945355,0.060346942851817985,14797.595190380764
40.13026052104209,72.33938881862379,69.44581326587884,75.23296437136874,1.446787776372476,99.78659026162563,95.79512665116061,103.77805387209065,1.9957318052325128,56.63588858714471,54.37045304365893,58.9013241306305,1.1327177717428942,20.546430808252907,19.72457357592279,21.368288040583025,0.41092861616505816,3.0165081485040064,2.895847822563846,3.137168474444166,0.06033016297008013,14815.631262525052
40.28056112224449,72.36270267217476,69.46819456528777,75.25721077906175,1.4472540534434952,99.84595504760796,95.85211684570363,103.83979324951228,1.9969191009521592,56.69453307743398,54.42675175433662,58.96231440053134,1.1338906615486797,20.527177067581736,19.706089984878467,21.348264150285004,0.41054354135163473,3.015690003926016,2.895062403768976,3.136317604083057,0.06031380007852032,14833.66733466934
40.430861723446895,72.38546079954267,69.49004236756096,75.28087923152438,1.4477092159908533,99.90556983446696,95.90934704108828,103.90179262784564,1.9981113966893391,56.75275720618193,54.48264691793466,59.02286749442921,1.1350551441236387,20.507953408956418,19.68763527259816,21.328271545314674,0.41015906817912834,3.014892444942576,2.894296747144873,3.1354881427402788,0.060297848898851515,14851.703406813629
40.5811623246493,72.40767006321403,69.51136326068547,75.30397686574258,1.4481534012642805,99.96542944242583,95.9668122647288,103.96404662012286,1.9993085888485167,56.810565580515906,54.53814295729527,59.08298820373654,1.136211311610318,20.488759771491384,19.669209380631727,21.30831016235104,0.4097751954298277,3.0141152112915433,2.893550602839882,3.1346798197432046,0.06028230422583086,14869.739478957918
40.73146292585171,72.42933723576739,69.53216374633669,75.32651072519809,1.4485867447153478,100.0255287678083,96.02450761709596,104.02654991852063,2.000510575356166,56.867962748243706,54.59324423831396,59.142681258173454,1.1373592549648741,20.46959609445411,19.650812250675948,21.288379938232275,0.40939192188908224,3.013358046264255,2.8928237244136845,3.133892368114825,0.0602671609252851,14887.775551102206
40.88176352705411,72.45046900215934,69.55245024207296,75.34848776224571,1.4490093800431867,100.08586278099281,96.0824282697531,104.08929729223253,2.001717255619856,56.92495319936975,54.64795507139496,59.201951327344545,1.138499063987395,20.45046231726453,19.63244382457395,21.26848080995511,0.4090092463452906,3.0126206966067888,2.8921158687425175,3.1331255244710605,0.060252413932135776,14905.811623246494
41.032064128256515,72.47107196201083,69.57222908353039,75.36991484049126,1.4494214392402165,100.14642652436692,96.14056946339224,104.15228358534159,2.0029285304873383,56.98154136761119,54.702279712906744,59.26080302231564,1.139630827352224,20.43135837949446,19.61410404431468,21.248612714674238,0.40862716758988915,3.011902912421232,2.891426795924383,3.1323790289180806,0.06023805824842464,14923.847695390783
41.18236472945892,72.49115263189316,69.59150652661744,75.39079873716888,1.4498230526378633,100.20721511028148,96.19892650587022,104.21550371469274,2.0041443022056296,57.03773163191399,54.75622236663743,59.319240897190554,1.1407546326382798,20.41228422086703,19.595792852032346,21.228775589701712,0.4082456844173406,3.011204447066941,2.8907562691842634,3.131652624949619,0.06022408894133882,14941.883767535071
41.33266533066133,72.51071720157789,69.61028851351477,75.411145889641,1.4502143440315578,100.26822394203397,96.2574949843526,104.27895289971534,2.0053644788406793,57.09352815438754,54.80978702821204,59.37726928056304,1.1418705630877508,20.39323978127632,19.57751019002527,21.208969372527374,0.4078647956255264,3.0105250677635933,2.8901040650530496,3.1309460704741374,0.06021050135527187,14959.91983967936
41.48296593186373,72.52977150374717,69.62858064359729,75.43096236389705,1.4505954300749435,100.32944874135227,96.31627079169817,104.34262669100636,2.0065889748270456,57.148934860162264,54.862977465755776,59.43489225456875,1.1429786972032454,20.37422500078949,19.559256000757912,21.189194000821068,0.40748450001578984,3.0098645569093865,2.889469974633011,3.1302591391857617,0.06019729113818773,14977.955911823648
41.633266533066134,72.54832216176906,69.6463892752983,75.45025504823982,1.4509664432353813,100.39088450797666,96.3752491276576,104.40651988829573,2.0078176901595333,57.203956200503676,54.91579795248353,59.49211444852382,1.1440791240100736,20.355239819552047,19.541030226769966,21.169449412334128,0.40710479639104097,3.0092226621572604,2.8888537556709695,3.129591568643551,0.060184453243145204,14995.991983967937
41.78356713426854,72.56637529282816,69.66372028111503,75.46903030454128,1.4513275058565631,100.45252669528315,96.43442562747182,104.47062776309448,2.009050533905663,57.258596290562856,54.96825243894034,59.54894014218537,1.1451719258112572,20.336284177894054,19.522832810778294,21.149735545009815,0.4067256835578811,3.0085991528251927,2.888255186712185,3.1289431189382007,0.06017198305650386,15014.028056112225
41.93386773547095,72.58393693243157,69.6805794551343,75.48729440972883,1.4516787386486314,100.5143708255004,96.49379599248037,104.53494565852041,2.0102874165100078,57.312859191612546,55.020344823948044,59.60537355927705,1.1462571838322508,20.31735801629484,19.504663695643046,21.130052336946633,0.4063471603258968,3.00799380143228,2.8876740493749886,3.1283135534895714,0.0601598760286456,15032.064128256514
42.08416833667335,72.60101303621504,69.69697251476643,75.50505355766364,1.4520202607243007,100.57641248809921,96.55335598857523,104.59946898762318,2.011528249761984,57.36674891224408,55.072078955754314,59.66141886873384,1.1473349782448816,20.29846127538247,19.48652282436717,21.110399726397766,0.40596922550764936,3.0074063836208795,2.8871101282760443,3.1277026389657148,0.060148127672417596,15050.100200400802
42.234468937875754,72.61760948174889,69.71290510247893,75.52231386101884,1.4523521896349778,100.63864733818207,96.61310144465479,104.66419323170935,2.0127729467636413,57.42026940956435,55.12345863318178,59.71708018594692,1.148405388191287,20.279593895933225,19.468410140095894,21.090777651770555,0.4055918779186645,3.0068366780787614,2.8865632109556105,3.127110145201912,0.06013673356157523,15068.13627254509
42.38476953907816,72.63373207034432,69.72838278753055,75.5390813531581,1.4526746414068865,100.70107109487243,96.67302825107754,104.72911393866733,2.0140214218974486,57.47342459039264,55.174487606776935,59.77236157400834,1.1494684918078528,20.260755818871065,19.45032558611622,21.071186051625908,0.4052151163774213,3.0062844664612505,2.8860330878028004,3.1265358451197005,0.06012568932922501,15086.17234468938
42.53507014028057,72.64938652885931,69.74341106770494,75.55536199001368,1.4529877305771863,100.76367953970426,96.73313235811608,104.79422672129243,2.0152735907940853,57.526218312457665,55.225169579959356,59.827267044955974,1.1505243662491533,20.241946985267084,19.432269105856403,21.051624864677766,0.4048389397053417,3.005749533313377,2.885519551980842,3.1259795146459117,0.06011499066626754,15104.20841683367
42.68537074148297,72.66457851150477,69.75799537104459,75.57116165196496,1.4532915702300955,100.82646851501141,96.79340977441096,104.85952725561187,2.0165293703002285,57.57865438559445,55.27550821017067,59.881800561018224,1.151573087711889,20.223167336338978,19.414240642885417,21.03209402979254,0.4044633467267796,3.005231665992017,2.885022399352336,3.125440932631698,0.06010463331984034,15122.244488977958
42.83567134268537,72.67931306913292,69.7721405463676,75.58648559189824,1.4535862613826585,100.88943440649538,96.85385703023557,104.92501178275519,2.0177886881299076,57.63073621767354,55.3255067689666,59.935965666380476,1.1526147243534708,20.204416813494266,19.396240140954497,21.012593486034035,0.40408833626988533,3.004730678682098,2.8845414515348144,3.124919905829382,0.060094613573641965,15140.280561122245
42.985971943887776,72.69359600954374,69.78585216916198,75.6013398499255,1.4538719201908747,100.95257290643266,96.91446999017536,104.99067582268997,2.0190514581286534,57.68246772211766,55.37516901323295,59.989766431002366,1.1536493544423532,20.185695358218148,19.37826754388942,20.993123172546873,0.40371390716436295,3.0042463508526556,2.8840764968185493,3.124416204886762,0.06008492701705311,15158.316633266533
43.136272545090186,72.70743272869997,69.79913541955197,75.61573003784797,1.4541486545739994,101.01588007639441,96.97524487333864,105.05651527945018,2.0203176015278883,57.73385253814207,55.42449843661638,60.04320663966775,1.1546770507628414,20.167002912169153,19.360322795682386,20.97368302865592,0.40334005824338304,3.003778480143008,2.8836273409372875,3.1239296193487287,0.06007556960286016,15176.352705410824
43.28657314629259,72.72082855078166,69.81199540875039,75.62966169281293,1.4544165710156332,101.07935203809218,97.0361779565685,105.12252611961587,2.0215870407618435,57.784894257613004,55.47349848730848,60.096290027917526,1.1556978851522601,20.1483394171508,19.342405840464767,20.954272993836835,0.402966788343016,3.003326866980671,2.883193792301444,3.123459941659898,0.060066537339613424,15194.388777555112
43.43687374749499,72.73378873018609,69.82443718097865,75.64314027939353,1.4546757746037218,101.14298497159098,97.09726557272734,105.18870437045462,2.0228596994318195,57.835596426373975,55.52217256931902,60.14902028342893,1.1567119285274796,20.129704815111044,19.324516622506604,20.934893007715484,0.40259409630222087,3.002891314494728,2.882775661914939,3.1230069670745175,0.06005782628989456,15212.4248496994
43.587174348697395,72.74631845304893,69.83646571492697,75.65617119117088,1.4549263690609786,101.20677511395787,97.15850410939956,105.25504611851619,2.0241355022791576,57.885962545252504,55.570524043442404,60.2014010470626,1.15771925090505,20.11109904814179,19.306655086216118,20.91554301006746,0.4022219809628358,3.0024716284508743,2.8823727633128393,3.1225704935889094,0.060049432569017486,15230.460921843689
43.737474949899806,72.75842283876524,69.84808592521463,75.66875975231585,1.455168456775305,101.2707187579106,97.21989000759417,105.32154750822703,2.025414375158212,57.935996071066995,55.618556228224314,60.25343591390968,1.15871992142134,20.092522058478345,19.288821176139212,20.896222940817477,0.4018504411695669,3.0020676171864564,2.8819849124989982,3.122150321873915,0.060041352343729135,15248.496993987977
43.88777555110221,72.77010694151062,69.8593026638502,75.68091121917104,1.4554021388302123,101.334812250466,97.28141976044736,105.38820474048464,2.02669624500932,57.98570041763342,55.66627240092808,60.305128434338755,1.1597140083526685,20.073973788498964,19.271014836959004,20.876932740038924,0.4014794757699793,3.0016790915455167,2.8816119278836956,3.1217462552073374,0.060033581830910336,15266.533066132266
44.03807615230461,72.78137575176227,69.87012072169178,75.69263078183276,1.4556275150352453,101.39905199158879,97.34308991192523,105.45501407125235,2.0279810398317757,58.035078956772175,55.713675798501285,60.356482115043065,1.1607015791354436,20.055454180724276,19.253236013495304,20.857672347953248,0.4011090836144855,3.0013058648138307,2.8812536302212775,3.1213580994063834,0.06002611729627661,15284.569138276554
44.188376753507015,72.79223398827173,69.88054462874086,75.7039233478026,1.4558446797654347,101.46343462299428,97.40489723807451,105.52197200791406,2.029268692459886,58.084134879610765,55.76076948442633,60.4075002747952,1.1616826975922154,20.036963177835705,19.235484650722277,20.838441704949133,0.40073926355671413,3.000947763581971,2.880909853038692,3.1209856741252495,0.06001895527163942,15302.605210420843
44.338677354709425,72.80268651158299,69.89057905111967,75.71479397204631,1.4560537302316598,101.527956652931,97.46683838681376,105.58907491904823,2.03055913305862,58.132871472265535,55.80755661337491,60.458186331156156,1.1626574294453107,20.01850072263781,19.2177606937323,20.819240751543322,0.4003700144527562,3.000604606194559,2.8805804219467768,3.1206287904423413,0.06001209212389118,15320.641282565131
44.48897795591183,72.81273817822189,69.90022865109302,75.72524770535077,1.4562547635644378,101.59261458852505,97.52891000498406,105.65631917206605,2.031852291770501,58.18129201862357,55.85404033787863,60.508543699368516,1.1636258403724715,20.00006675807106,19.200064087748217,20.800069428393904,0.4000013351614212,3.0002762103687037,2.8802651619539557,3.120287258783452,0.06000552420737408,15338.67735470942
44.63927855711423,72.82239370475702,69.90949795656674,75.7352894529473,1.4564478740951403,101.65740505916685,97.59110885680018,105.72370126153352,2.033148101183337,58.229399709706065,55.90022372131782,60.55857569809431,1.1645879941941213,19.9816612272237,19.182394778134753,20.780927676312647,0.39963322454447403,2.9999624002976395,2.8799639042857335,3.119960896309545,0.05999924800595279,15356.713426853708
44.789579158316634,72.83165774791331,69.91839143799677,75.74492405782985,1.4566331549582663,101.72232474384096,97.65343175408732,105.79121773359459,2.034446494876819,58.27719769707203,55.94610978918915,60.608285604954915,1.1655439539414407,19.96328407332418,19.164752710391213,20.761815436257145,0.39926568146648356,2.999663002487143,2.879676482387657,3.119649522586629,0.05999326004974286,15374.749498997997
44.939879759519044,72.8405349059172,69.9269135096805,75.75415630215389,1.456810698118344,101.78737036993437,97.71587555513699,105.85886518473174,2.0357474073986874,58.32468909370779,55.99170152995948,60.6576766574561,1.1664937818741559,19.94493523974063,19.147137830151006,20.742732649330254,0.3988987047948126,2.9993778456997506,2.8794027318717608,3.119352959527741,0.059987556913995016,15392.785571142285
45.09018036072145,72.84902971984168,69.93506853104802,75.76299090863535,1.4569805943968337,101.85253871204465,97.77843716356286,105.92664026052644,2.037050774240893,58.37187697491639,56.03700189591974,60.70675205391304,1.1674375394983278,19.926614669980403,19.129550083181186,20.72367925677962,0.39853229339960805,2.9991067608989734,2.879142490463014,3.1190710313349324,0.05998213521797947,15410.821643286574
45.24048096192385,72.85714667495148,69.94286080795342,75.77143254194954,1.4571429334990296,101.91782659078835,97.84111352715682,105.99453965441988,2.0383565318157673,58.418764379207204,56.082013804038915,60.75551495437549,1.168375287584144,19.90832230768955,19.111989415381966,20.70465519999713,0.398166446153791,2.998849581193517,2.878895597945777,3.118803564441258,0.059976991623870345,15428.857715430862
45.390781563126254,72.86489020204829,69.95029459396636,75.77948581013021,1.4572978040409656,101.98323087160911,97.90390163674475,106.06256010647347,2.0396646174321824,58.465354309185294,56.12674013681788,60.80396848155271,1.1693070861837058,19.89005809665232,19.09445577278623,20.685660420518413,0.39780116193304643,2.998606141781497,2.878661896110237,3.1185503874527565,0.059972122835629936,15446.89378757515
45.541082164328664,72.87226456803006,69.95737398530886,75.78715515075126,1.4574452913606013,102.04874856365706,97.96679862111077,106.13069850620334,2.0409749712731413,58.51164965886391,56.17118367250935,60.85211564521847,1.1702329931772781,19.871821980802135,19.07694910157005,20.66669486003422,0.3974364396160427,2.998376284538117,2.8784412331565923,3.1183113359196417,0.059967525690762344,15464.92985971944
45.69138276553107,72.87927391750772,69.96410296080741,75.79444487420803,1.4575854783501543,102.11437678222055,98.02980171093172,106.19895185350937,2.042287535644411,58.55765324129979,56.215347111647795,60.899959370951784,1.1711530648259958,19.853613904216868,19.059469348048193,20.647758460385543,0.39707227808433737,2.998159856271955,2.8782334620210768,3.1180862505228335,0.0599631971254391,15482.965931863728
45.84168336673347,72.88592264967545,69.97048574368843,75.80135955566247,1.457718452993509,102.18011240832737,98.09290791199427,106.26731690466048,2.0436022481665477,58.603368038883566,56.259233317328224,60.94750276043891,1.1720673607776713,19.835433811079714,19.042016458636525,20.628851163522903,0.3967086762215943,2.9979566929294434,2.878038425212266,3.117874960646621,0.05995913385858887,15501.002004008016
45.99198396793587,72.89221495569106,69.97652635746341,75.8079035539187,1.4578442991138212,102.24595250664622,98.15611440638037,106.33579060691207,2.0449190501329246,58.64879689609218,56.30284502024849,60.99474877193587,1.1729759379218436,19.817281645726492,19.024590379897433,20.609972911555552,0.39634563291452984,2.99776663898567,2.877855973426243,3.117677304545097,0.059955332779713405,15519.038076152305
46.14228456913828,72.89815497504932,69.98222877604735,75.8140811740513,1.4579630995009865,102.31189418426,98.2194184168896,106.4043699516304,2.0462378836852,58.69394262333858,56.34618491840504,61.04170032827212,1.1738788524667716,19.79915735262915,19.007191058523986,20.591123646734317,0.39598314705258303,2.9975895408907554,2.8776859592551256,3.1174931225263856,0.05995179081781511,15537.074148296595
46.292585170340686,72.9037467967402,69.98759692487059,75.8198966686098,1.458074935934804,102.37793458964296,98.28281720605725,106.47305197322868,2.0475586917928594,58.7388079977371,56.38925567782761,61.08836031764658,1.174776159954742,19.781060876395323,18.98981844133951,20.572303311451137,0.39562121752790647,2.9974252470219103,2.8775282371410342,3.1173222569027867,0.05994850494043821,15555.110220440883
46.44288577154309,72.90899446040686,69.99263468199058,75.82535423882314,1.4581798892081372,102.44407091163782,98.34630807517232,106.54183374810333,2.0488814182327566,58.78339576386873,56.43205993331398,61.134731594423485,1.1756679152773746,19.762992161767833,18.97247247529712,20.553511848238546,0.3952598432353567,2.997273607635481,2.877382663330062,3.1171645519409,0.05994547215270962,15573.146292585172
46.59318637274549,72.91390195750408,69.99734587920392,75.83045803580424,1.4582780391500816,102.5103003784328,98.4098883632955,106.61071239357011,2.050206007568656,58.827708634546525,56.47460028916466,61.18081697992839,1.1765541726909305,19.744951153624225,18.955153107479255,20.534749199769195,0.3948990230724845,2.997134474819009,2.8772490958262487,3.1170198538117697,0.05994268949638018,15591.182364729459
46.7434869739479,72.91847323245635,70.0017343031581,75.8352121617546,1.458369464649127,102.57662025653879,98.47355544627723,106.67968506680035,2.051532405130776,58.87174929158085,56.516879319917614,61.22661926324408,1.1774349858316169,19.726937796976294,18.937860285097244,20.516015308855344,0.3945387559395259,2.9970077024432795,2.8771273943455484,3.1168880105410106,0.059940154048865595,15609.218436873749
46.893787575150306,72.92271216990211,70.00580368310602,75.8396206566982,1.4584542433980423,102.64302786231629,98.53730674782364,106.74874897680894,2.052860557246326,58.915520377312994,56.558899562220475,61.27214119240551,1.1783104075462598,19.708952036971166,18.92059395549232,20.497310118450013,0.39417904073942334,2.9968931467196533,2.877017420850867,3.1167688725884397,0.05993786293439307,15627.254509018037
47.04408817635271,72.926622262761,70.00955737225055,75.84368715327145,1.45853244525522,102.70952086138915,98.60114002693359,106.81790169584471,2.054190417227783,58.95902427437781,56.6006633034027,61.317385245352924,1.1791804854875563,19.690993818928312,18.90335406617118,20.478633571685446,0.39381987637856625,2.9967906806420834,2.8769190534164,3.116662307867767,0.05993581361284167,15645.290581162326
47.19438877755511,72.93020752370757,70.01299922275926,75.84741582465587,1.4586041504741514,102.77609644654825,98.66505258868632,106.88714030441018,2.055521928930965,59.002263710454734,56.64217316203654,61.36235425887293,1.1800452742090948,19.673063088236642,18.886140564707176,20.459985611766108,0.39346126176473284,2.9967001543390537,2.8768321481654917,3.116568160512616,0.05993400308678108,15663.326653306614
47.34468937875752,72.93347168347339,70.01613281613444,75.85081055081233,1.4586694336694677,102.84275206087742,98.72904197844232,106.9564621433125,2.056855041217548,59.04524122634573,56.6834315772919,61.40705087539956,1.1809048245269147,19.65515979044436,18.868953398826584,20.441366182062133,0.3931031958088872,2.996621429951101,2.876756572753057,3.1164862871491454,0.05993242859902202,15681.362725450903
47.494989979959925,72.93641842733003,70.01896169023682,75.85387516442323,1.4587283685466006,102.90948518447541,98.7931057770964,107.02586459185443,2.0581897036895085,59.08795933287637,56.72444095956132,61.451477706191426,1.1817591866575274,19.637283871232018,18.851792516382737,20.4227752260813,0.3927456774246404,2.996554371345874,2.8766921964920393,3.1164165461997095,0.05993108742691749,15699.398797595191
47.64529058116233,72.93905139604318,70.02148934020146,75.85661345188491,1.4587810279208637,102.97629333361716,98.85724160027247,107.09534506696185,2.0595258666723435,59.130420511525806,56.76520369106478,61.495637331986835,1.182608410230516,19.619435276412077,18.834657865355595,20.404212687468558,0.39238870552824157,2.996498844079064,2.8766388903159013,3.1163587978422265,0.059929976881581276,15717.43486973948
47.79559118236473,72.94137418682689,70.02371921935382,75.85902915429996,1.4588274837365378,103.04317405991496,98.92144709751837,107.16490102231155,2.0608634811982993,59.17262721505671,56.80572212645444,61.53953230365897,1.1834525443011341,19.601613951928414,18.817549393851277,20.38567851000555,0.3920322790385683,2.996454715355336,2.8765965267411224,3.1163129039695487,0.05992909430710672,15735.470941883768
47.94589178356714,72.94339035429752,70.02565474012562,75.86112596846942,1.4588678070859504,103.11012494947958,98.9857199515004,107.23452994745877,2.0622024989895915,59.21458186814517,56.84599859341936,61.583165142870975,1.1842916373629033,19.583819843855913,18.800467050101677,20.36717263761015,0.39167639687711825,2.996421853989258,2.8765649798296877,3.1162787281488287,0.059928437079785166,15753.507014028057
48.096192384769545,72.94510341142794,70.02729927497082,75.86290754788506,1.4589020682285587,103.17714362208149,99.05005787719823,107.30422936696475,2.0635428724416296,59.25628686801058,56.88603539329015,61.626538342731,1.1851257373602115,19.566052898399985,18.783410782463985,20.348695014335984,0.3913210579679997,2.9964001303662346,2.876544125151585,3.1162561355808838,0.05992800260732469,15771.543086172345
48.24649298597195,72.94651683050161,70.02865615728155,75.86437750372167,1.4589303366100321,103.24422773031203,99.11445862109956,107.37399683952451,2.0648845546062407,59.297744585045656,56.92583480164383,61.66965436844748,1.185954891700913,19.548313061896145,18.7663805394203,20.33024558437199,0.39096626123792294,2.996389416403435,2.8765338397472977,3.1162449930595724,0.0599277883280687,15789.579158316634
48.39679358717435,72.94763382828765,70.02972847515615,75.86553918141915,1.458952676565753,103.31137515318277,99.17892014705545,107.44383015931008,2.066227503063655,59.33895722022862,56.96539893141948,61.712515509037765,1.1867791444045726,19.530600280836904,18.749376269603427,20.31182429207038,0.3906120056167381,2.9963895951541977,2.8765340113480296,3.1162451789603653,0.05992779190308395,15807.615230460922
48.547094188376754,72.94845781622115,70.03051950357231,75.86639612887,1.4589691563244231,103.37858359048957,99.24344024686998,107.51372693410916,2.0675716718097914,59.379927103915165,57.00473001975856,61.75512418807177,1.1875985420783033,19.51291450181435,18.732397921741775,20.293431081886926,0.39025829003628704,2.9964005406924,2.8765445190647045,3.116256562320096,0.05992801081384801,15825.65130260521
48.697394789579164,72.94899218582306,70.03103249839013,75.86695187325599,1.4589798437164612,103.44585075619135,99.30801672594369,107.58368478643901,2.068917015123827,59.420656553413345,57.04383029127681,61.79748281554988,1.1884131310682668,19.495255671547,18.71544544468512,20.27506589840888,0.38990511343094,2.9964221277059266,2.8765652425976898,3.1162790128141635,0.05992844255411853,15843.6873747495
48.84769539078157,72.94924022320643,70.03127061427817,75.86720983213469,1.4589848044641287,103.51317445546933,99.37264747725055,107.6537014336881,2.0702634891093865,59.46114781623584,57.082701903586404,61.83959372888527,1.1892229563247168,19.47762373689037,18.698518787414756,20.25672868636598,0.3895524747378074,2.9964542353210684,2.8765960659082253,3.116312404733911,0.05992908470642136,15861.723446893788
48.99799599198397,72.94920517497452,70.03123696797554,75.8671733819735,1.4589841034994906,103.58055252536718,99.4373304243525,107.72377462638187,2.0716110505073435,59.50140311383483,57.12134698928144,61.881459238388224,1.1900280622766968,19.46001864482823,18.681617899035103,20.23841939062136,0.3892003728965646,2.9964967441610213,2.8766368743945807,3.116356613927462,0.059929934883220425,15879.759519038076
49.14829659318637,72.94889024900682,70.03093463904655,75.8668458589671,1.4589778049801365,103.64798283410383,99.50206352073968,107.79390214746797,2.0729596566820767,59.541424642120404,57.15976765643559,61.92308162780522,1.1908284928424082,19.44244034247223,18.66474272877334,20.220137956171122,0.3888488068494446,2.9965495363143284,2.876687554861755,3.116411517766901,0.05993099072628657,15897.795591182365
49.29859719438878,72.94829861524508,70.03036667063527,75.86623055985488,1.4589659723049015,103.71546328038595,99.56684474917051,107.86408181160138,2.074309265607719,59.581214571978805,57.19796598909965,61.96446315485796,1.191624291439576,19.424888777061422,18.647893225978965,20.20188432814388,0.38849777554122844,2.996612495303316,2.876747995491183,3.1164769951154483,0.05993224990606631,15915.831663326653
49.448897795591186,72.94743340647932,70.02953607022015,75.8653307427385,1.4589486681295865,103.78299179272058,99.63167212101176,107.9343114644294,2.075659835854412,59.62077504979085,57.235944047799215,62.005606051782486,1.192415500995817,19.407363895961847,18.631069340123375,20.18365845180032,0.388147277919237,2.9966855060525446,2.8768180858104433,3.1165529262946463,0.05993371012105089,15933.867735470942
49.59919839679359,72.94629771913384,70.02844581036848,75.8641496278992,1.4589259543826767,103.85056632872791,99.6965436755788,108.00458898187702,2.0770113265745582,59.6601081979503,57.273703870032286,62.046512525868316,1.193202163959006,19.3898656466661,18.614271020799453,20.165460272532744,0.387797312933322,2.9967684548572477,2.876897716662958,3.1166391930515376,0.059935369097144954,15951.90380761523
49.74949899799599,72.94489453740691,70.02709875591063,75.86269031890319,1.4588978907481382,103.91818494332232,99.76145754558942,108.07491234105521,2.0783636988664465,59.6992160645196,57.311247421938816,62.08718470710038,1.193984321290392,19.37239397680469,18.597498217732504,20.14728973587688,0.38744787953609383,2.9968612318844614,2.876986782609083,3.11673568115984,0.059937224637689225,15969.939879759519
49.8997995991984,72.94322679140554,70.02549771974931,75.86095586306176,1.4588645358281107,103.98584573649582,99.82641190703599,108.14527956595565,2.0797169147299166,59.738100661805014,57.34857663533281,62.127624688277216,1.1947620132361003,19.35494883413678,18.58075088077131,20.129146787502254,0.38709897668273563,2.9969637292464415,2.877085180076584,3.116842278416299,0.059939274584928835,15987.975951903809
50.050100200400806,72.94129754244662,70.02364564074875,75.85894944414449,1.4588259508489325,104.05354668683971,99.89140481936612,108.2156885543133,2.081070933736794,59.776764089319194,57.385693525746426,62.16783465289196,1.1955352817863838,19.337530166521415,18.564028959860558,20.11103137318227,0.3867506033304283,2.9970758348720405,2.877192801477159,3.1169588682669223,0.05994151669744081,16006.012024048096
50.20040080160321,72.93910972781467,70.02154533870208,75.85667411692725,1.4587821945562933,104.1212858809045,99.95643444566832,108.28613731614067,2.08242571761809,59.815208364399034,57.42260002982307,62.207816698974995,1.1963041672879806,19.320137921956423,18.547332405078166,20.09294343883468,0.38640275843912847,2.997197440935284,2.877309543297873,3.1170853385726955,0.059943948818705683,16024.048096192384
50.35070140280561,72.93666624996618,70.01919959996754,75.85413289996482,1.4587333249993237,104.18906143306647,100.02149897574381,108.35662389038913,2.0837812286613295,59.85343548139868,57.45929806214273,62.247572900654625,1.1970687096279735,19.30277204856441,18.530661166621833,20.074882930506988,0.3860554409712882,2.9973284409021383,2.877435303266053,3.117221578538224,0.059946568818042764,16042.084168336673
50.50100200400802,72.9339699772022,70.0166111781141,75.85132877629029,1.458679399544044,104.25687148494254,100.08659662554483,108.42714634434024,2.0851374296988507,59.89144741213232,57.49578951564703,62.28710530861761,1.1978289482426465,19.285432494592328,18.514015194808636,20.05684979437602,0.38570864989184656,2.997468729502704,2.877569980322596,3.1173674786828123,0.05994937459005408,16060.120240480963
50.651302605210425,72.9310237443405,70.01378279456688,75.8482646941141,1.45862047488681,104.3247142048049,100.15172563661271,108.4977027729971,2.0864942840960983,59.92924610631721,57.53207626206452,62.326415950569896,1.1985849221263443,19.268119208411093,18.49739444007465,20.038843976747536,0.3853623841682219,2.997618202703421,2.877713474595284,3.1175229308115577,0.05995236405406842,16078.156312625251
50.80160320641283,72.92783035338798,70.01071713925245,75.8449435675235,1.4585566070677596,104.39258778699595,100.21688427551611,108.56829129847578,2.0878517557399188,59.96683349201652,57.56816015233586,62.36550683169718,1.1993366698403305,19.25083213851513,18.480798852974523,20.020865424055735,0.38501664277030256,2.9977767576792633,2.8778656873720925,3.1176878279864337,0.05995553515358527,16096.19238476954
50.95190380761523,72.924392574213,70.00741687124449,75.84136827718152,1.45848785148426,104.460490451343,100.28207083328928,108.63891006939673,2.08920980902686,60.00421147608232,57.604043017039025,62.40437993512561,1.2000842295216463,19.233571233522003,18.464228384181123,20.002914082862883,0.3846714246704401,2.997944292785942,2.878026521074504,3.1178620644973796,0.05995888585571884,16114.228456913828
51.10220440881764,72.92071313334205,70.00388460800836,75.83754165867573,1.458414262666841,104.52842045319544,100.34728363506763,108.70955727132325,2.0905684090639087,60.0413819367326,57.639726659263296,62.4430372142019,1.200827638734652,19.21633644217411,18.447682984487145,19.984989899861077,0.38432672884348223,2.9981207084637913,2.8781958801252396,3.1180455368023434,0.059962414169275835,16132.264529058117
51.252505010020045,72.91679459695263,70.00012281307453,75.83346638083073,1.4583358919390526,104.59637618809928,100.41252114057531,108.78023123562326,2.091927523761986,60.078346646049695,57.67521278020771,62.48148051189168,1.201566932920994,19.199127713359708,18.43116260482532,19.967092821894095,0.3839825542671942,2.9983059164423134,2.8783736797846204,3.118238153100006,0.05996611832884627,16150.300601202405
51.40280561122245,72.91263972321688,69.99613413428821,75.82914531214556,1.4582527944643378,104.66435587665529,100.47778164158908,108.85093011172151,2.093287117533106,60.115107503351446,57.710503203217385,62.51971180348551,1.202302150067029,19.18194499604856,18.41466719620662,19.949222795890503,0.3836388999209712,2.9984998121225783,2.878559819637675,3.1184398046074815,0.05996999624245156,16168.336673346694
51.55310621242485,72.90825114459197,69.99192109880829,75.82458119037565,1.4581650228918395,104.73235784871449,100.5430635347659,108.92165216266307,2.0946471569742897,60.15166632475488,57.74559967176468,62.557732977745076,1.2030333264950976,19.164788239349388,18.398196709775412,19.931379768923364,0.3832957647869878,2.9987022995275745,2.878754207546472,3.118650391508677,0.059974045990551485,16186.372745490982
51.70340681362726,72.90363146299326,69.98748620447353,75.819776721513,1.4580726292598651,104.80038045826531,100.6083652399347,108.99239567659592,2.0960076091653064,60.18802490621155,57.78050390996309,62.59554590246002,1.2037604981242311,19.147657392492285,18.381751096792595,19.913563688191974,0.3829531478498457,2.9989132838604777,2.8789567525060584,3.118869815214897,0.059978265677209555,16204.40881763527
51.853707414829664,72.89878325038167,69.98283192036641,75.81473458039693,1.4579756650076334,104.86842208292458,100.6736851996076,109.06315896624156,2.0973684416584915,60.22418502389404,57.81521762293828,62.6331524248498,1.2044837004778808,19.130552404828318,18.365330308635187,19.89577450102145,0.3826110480965664,2.9991326714835362,2.8791673646241946,3.1190979783428774,0.059982653429670726,16222.44488977956
52.00400801603207,72.89370904935086,69.97796068737682,75.8094574113249,1.4578741809870173,104.93648112342848,100.73902187849134,109.13394036836561,2.0987296224685696,60.26014843458246,57.849742497199166,62.67055437196576,1.2052029686916492,19.11347322582913,18.348934296795964,19.878012154862294,0.38226946451658256,2.9993603698969453,2.8793859551010677,3.1193347846928234,0.05998720739793891,16240.480961923848
52.15430861723447,72.88841137371425,69.97287491876568,75.80394782866281,1.457768227474285,105.00455600312345,100.80437376299852,109.20473824324839,2.1000911200624692,60.29591687605108,57.884080201009034,62.70775355109313,1.2059183375210216,19.09641980508654,18.332563012883078,19.860276597290003,0.3819283961017308,2.999596287717732,2.8796124362090225,3.119580139226441,0.05999192575435464,16258.517034068136
52.30460921843688,72.88289270909242,69.96757700072872,75.79820841745611,1.4576578541818483,105.07264516745715,100.86973936075887,109.27555097415544,2.101452903349143,60.3314920674547,57.91823238475651,62.744751750152886,1.206629841349094,19.07939209231215,18.316216408619667,19.842567776004636,0.38158784184624306,2.999840334658631,2.8798467212722856,3.119833948044976,0.059996806693172616,16276.553106212425
52.45490981963928,72.87715551350017,69.96206929296017,75.79224173404018,1.4575431102700034,105.14074708346942,100.93511720013065,109.3463769668082,2.1028149416693886,60.36687570971528,57.95220068132667,62.78155073810389,1.2073375141943057,19.06239003733695,18.299894435843473,19.824885638830427,0.38124780074673903,3.000092421506963,2.8800887246466846,3.120096118367242,0.06000184843013927,16294.589178356713
52.605210420841686,72.87120210541418,69.95635402119761,75.78605018963076,1.4574240421082838,105.20886033974273,101.00050592615302,109.41721475333243,2.1041772067948545,60.40206941148755,57.98598663502805,62.81815218794706,1.2080413882297512,19.045413590132263,18.28359704652697,19.807230133737555,0.38090827180264525,3.0003524532630803,2.880338355132557,3.1203665513936034,0.06000704906526161,16312.625250501002
52.75551102204409,72.86503491009952,69.95043351369554,75.7796363065035,1.4573006982019905,105.27698342649263,101.06590408943293,109.48806276355234,2.1055396685298526,60.43707485207844,58.0195918579953,62.854557846161576,1.2087414970415689,19.028462700762717,18.267324192732207,19.789601208793226,0.3805692540152543,3.000620344058548,2.880595530296206,3.1206451578208902,0.06001240688117096,16330.66132264529
52.9058116232465,72.85865631845162,69.94431006571355,75.77300257118969,1.4571731263690324,105.34511486161132,101.13131026714687,109.55891945607577,2.1069022972322267,60.47189368808281,58.0530179405595,62.89076943560612,1.2094378737616562,19.01153731941274,18.251075826636228,19.77199881218925,0.38023074638825477,3.0008960085178717,2.880860168177157,3.120931848858586,0.06001792017035744,16348.697394789579
53.0561122244489,72.85206866784901,69.93798592113505,75.76615141456297,1.4570413733569803,105.41325320777797,101.19672307946685,109.62978333608909,2.1082650641555594,60.506527540717485,58.08626643908879,62.92678864234618,1.2101305508143498,18.99463739638992,18.234851900534323,19.754422892245515,0.37989274792779837,3.0011793605376456,2.88113218611614,3.1212265349591513,0.060023587210752904,16366.733466933867
53.206412825651306,72.8452742692524,69.9314632984823,75.7590852400225,1.456905485385048,105.4813970482793,101.26214116634813,109.70065293021048,2.109627940965586,60.54097801374288,58.11933889319317,62.96261713429259,1.2108195602748577,18.977762882119578,18.218652366834796,19.73687339740436,0.37955525764239156,3.001470314877179,2.881411502282092,3.1215291274722663,0.06002940629754358,16384.769539078156
53.35671342685371,72.8382754077103,69.92474439140189,75.75180642401871,1.456765508154206,105.54954498657342,101.32756318711048,109.77152678603636,2.1109908997314686,60.57524669379556,58.15223682604374,62.998256561547386,1.2115049338759112,18.96091372714437,18.202477178058594,19.719350276230145,0.37921827454288737,3.00176878713242,2.881698035647123,3.1218395386177162,0.060035375742648396,16402.805611222444
53.50701402805612,72.83107434286451,69.91783136914994,75.74431731657909,1.4566214868572902,105.6176956458536,101.39298782001946,109.84240347168775,2.112353912917072,60.609335150720725,58.1849617446919,63.03370855674955,1.2121867030144144,18.9440898821239,18.186326286838945,19.701853477408857,0.37888179764247804,3.0020746937098637,2.8819917059614695,3.1221576814582583,0.06004149387419728,16420.841683366732
53.65731462925852,72.82367330945571,69.91072637707748,75.73662024183395,1.4564734661891143,105.68584766861225,101.45841376186776,109.91328157535675,2.1137169533722453,60.64324493790471,58.21751514038852,63.0689747354209,1.2128648987580943,18.927291297834383,18.17019964592101,19.684382949747757,0.3785458259566877,3.0023879518004737,2.8822924337284546,3.122483469872493,0.06004775903600947,16438.87775551102
53.807615230460925,72.81607451782894,69.90343153711578,75.7287174985421,1.4563214903565789,105.75399971620466,101.52383972755648,109.98415970485284,2.1150799943240934,60.676977592607564,58.24989848890326,63.104056696311865,1.2135395518521512,18.91051792516819,18.154097208161463,19.666938642174916,0.3782103585033638,3.0027084793535943,2.8826001401794503,3.1228168185277383,0.06005416958707189,16456.91382765531
53.95791583166333,72.80828014570099,69.89594893987295,75.72061135152903,1.4561656029140198,105.82215047625913,101.58926445720876,110.0550364953095,2.1164430095251827,60.71053463049299,58.282113245273266,63.13895601571271,1.2142106926098597,18.893769715135097,18.138018926529693,19.6495205037405,0.37787539430270195,3.0030362190395397,2.882914770277958,3.1231576678011215,0.0600607243807908,16474.949899799598
54.10821643286574,72.80029231536147,69.88828062274702,75.71230400797593,1.4560058463072296,105.89029868316462,101.65468673583803,110.1259106304912,2.1178059736632924,60.743917530486435,58.314160829266974,63.173674231705895,1.2148783506097287,18.877046618866,18.12196475411136,19.63212848362064,0.37754093237732,3.0033712012101472,2.8832363531617418,3.123506049258553,0.060067424024202946,16492.98597194389
54.25851703406814,72.79211314943718,69.8804286234597,75.70379767541468,1.4558422629887438,105.95844306773364,101.7201053450243,110.19678079044299,2.1191688613546726,60.77712777195842,58.346042661080084,63.208212882836754,1.2155425554391683,18.860348587603408,18.10593464409927,19.614762531107544,0.3772069717520682,3.0037131798060894,2.8835646526138463,3.123861706998333,0.060074263596121794,16511.02204408818
54.408817635270545,72.78374473988995,69.87239495029435,75.69509452948556,1.455674894797799,106.02658238536041,101.78551908994599,110.26764568077483,2.1205316477072085,60.81016681396233,58.37776014140384,63.242573486520826,1.2162033362792466,18.843675572706076,18.089928549797833,19.59742259561432,0.3768735114541215,3.0040620333803614,2.883899552045147,3.124224514715576,0.060081240667607234,16529.058116232467
54.55911823647295,72.77518916632718,69.8641815996741,75.68619673298026,1.4555037833265436,106.09471539964059,101.85092678365497,110.33850401562621,2.121894307992812,60.84303610736743,58.409314663072735,63.27675755166213,1.2168607221473486,18.827027525645224,18.073946424619415,19.580108626671034,0.37654055051290447,3.0044178419703167,2.884241128291504,3.124594555649129,0.06008835683940633,16547.094188376755
54.70941883767536,72.76644848196925,69.85579054269049,75.67710642124801,1.455328969639385,106.16284089496898,101.91632725917022,110.40935453076774,2.12325681789938,60.8757370855527,58.440707602130594,63.310766568974806,1.2175147417110541,18.81040439800674,18.05798822208647,19.56282057392701,0.3762080879601348,3.004780457184558,2.8845892388971754,3.1249716754719405,0.06009560914369116,16565.130260521044
54.85971943887776,72.75752471881624,69.84722373006359,75.6678257075689,1.455150494376325,106.23095767189515,101.98171936501934,110.48019597877096,2.1246191534379033,60.90827116786087,58.471940321146434,63.3446020145753,1.2181654233572174,18.793806141488833,18.04205389582928,19.545558387148386,0.37587612282977667,3.005149816413307,2.8849438237567746,3.1253558090698395,0.06010299632826614,16583.166332665332
55.010020040080164,72.74841987736329,69.83848308226875,75.65835667245783,1.4549683975472658,106.29906455563787,102.04710197341235,110.55102713786339,2.1259812911127574,60.94063975277362,58.50301416266267,63.37826534288457,1.2188127950554724,18.777232707932164,18.026143399614877,19.52832201624945,0.3755446541586433,3.0055258531415654,2.8853048190159027,3.125746887267228,0.06011051706283131,16601.20240480962
55.16032064128257,72.73913592065652,69.82957048383027,75.64870135748278,1.4547827184131306,106.36716040040255,102.11247398438645,110.62184681641865,2.127343208008051,60.97284421401387,58.533930445453315,63.41175798257442,1.2194568842802773,18.760684049357465,18.010256687383166,19.511111411331765,0.3752136809871493,3.0059084888423815,2.8856721492886863,3.1261448283960767,0.06011816977684763,16619.23847695391
55.31062124248498,72.7296748294321,69.82048783625481,75.63886182260939,1.454593496588642,106.43524404645332,102.17783428459519,110.69265380831145,2.1287048809290665,61.00488593695977,58.56469049948137,63.44508137443816,1.2200977187391953,18.744160117711694,17.994393713003227,19.49392652242016,0.3748832023542339,3.0062976531556997,2.886045747029472,3.1265495592819277,0.060125953063114,16637.274549098198
55.46092184368738,72.7200385361267,69.81123699468162,75.62884007757177,1.454400770722534,106.50331437138698,102.2431817965315,110.76344694624245,2.1300662874277396,61.036766275053324,58.59529562405119,63.47823692605546,1.2207353255010664,18.727660865177263,17.978554430570174,19.476767299784353,0.3745532173035453,3.0066932758872102,2.8864255448517215,3.1269610069226985,0.06013386551774421,16655.310621242486
55.61122244488978,72.71022890291526,69.80181974679866,75.61863805903187,1.4542045780583053,106.57137030692003,102.30851549464323,110.83422511919683,2.1314274061384006,61.068486535260504,58.625747073850086,63.51122599667092,1.22136973070521,18.71118624428741,17.962738794515914,19.45963369405891,0.37422372488574823,3.007095290729897,2.8868114791007016,3.127379102359093,0.06014190581459794,16673.346693386775
55.76152304609219,72.70024790920553,69.79223799283731,75.60825782557374,1.4540049581841106,106.6394106944693,102.37383426669054,110.90498712224807,2.1327882138893863,61.10004810209331,58.656046178009575,63.54405002617705,1.2220009620418661,18.69473620699001,17.94694675871041,19.442525655269613,0.37389472413980024,3.007503624890727,2.8872034798950983,3.127803769886356,0.060150072497814545,16691.382765531063
55.9118236472946,72.69009740494114,69.7824935087435,75.59770130113878,1.453801948098823,106.70743447491998,102.43913709592317,110.97573185391678,2.1341486894983994,61.13145227439839,58.68619418342246,63.576710365374325,1.2226290454879678,18.678310705892248,17.931178277656556,19.42544313412794,0.37356621411784496,3.007918211242448,2.8876014827927503,3.128234939692146,0.06015836422484896,16709.418837675352
56.062124248497,72.67977917812051,69.77258801099569,75.58697034524533,1.4535955835624104,106.77544063669423,102.50442301122646,111.04645826216199,2.135508812733885,61.16270031002749,58.71619229762639,63.609208322428586,1.22325400620055,18.661909693919625,17.91543330616284,19.40838608167641,0.3732381938783925,3.0083389850370796,2.8880054256355967,3.128672544438563,0.0601667797007416,16727.45490981964
56.2124248496994,72.66929517191701,69.76252336504034,75.57606697879369,1.4533859034383403,106.84342804913233,102.56969092716703,111.11716517109762,2.1368685609826468,61.193793569526115,58.74604182674507,63.64154531230716,1.2238758713905222,18.645533123200252,17.899711798272243,19.39135444812826,0.37291066246400506,3.0087658755664717,2.8884152405438126,3.1291165105891308,0.060175317511329436,16745.49098196393
56.362725450901806,72.65864711558645,69.75230123096298,75.56499300020991,1.453172942311729,106.91139574534782,102.6349399155339,111.18785157516173,2.1382279149069565,61.22473327183414,58.77574394096077,63.67372260270751,1.2244946654366828,18.629180946982,17.88401370910272,19.37434818486128,0.37258361893964004,3.0091988201589,2.8888308673525436,3.129566772965256,0.060183976403178,16763.527054108217
56.513026052104216,72.64783682949901,69.74192335631905,75.55375030267898,1.4529567365899803,106.97934268876014,102.70016898120974,111.25851639631054,2.139586853775203,61.25552069621171,58.80529986836324,63.70574152406018,1.2251104139242341,18.612853118032504,17.868338993311205,19.357367242753803,0.3722570623606501,3.0096377527485214,2.8892522426385803,3.1300232628584626,0.060192755054970425,16781.563126252506
56.66332665330662,72.63686612704657,69.7313914819647,75.54234077212844,1.4527373225409315,107.04726784812647,102.7653771342014,111.32915856205153,2.140945356962529,61.286157117299076,58.834710832607115,63.73760340199104,1.2257231423459816,18.596549589156183,17.852687605589935,19.34041157272243,0.37193099178312367,3.010082607529446,2.889679303228268,3.1304859118306236,0.06020165215058892,16799.599198396794
56.81362725450902,72.62573661673731,69.72070715206782,75.53076608140681,1.4525147323347463,107.11517034785734,102.83056353394305,111.39977716177164,2.1423034069571467,61.316643673984764,58.863977927025374,63.769309420944154,1.2263328734796952,18.580270314294552,17.83705950172277,19.323481126866334,0.37160540628589106,3.010533326186817,2.890111993139344,3.1309546592342894,0.060210666523736335,16817.635270541083
56.963927855711425,72.61445006395776,69.70987206139945,75.51902806651607,1.4522890012791552,107.18304919318072,102.8957272254535,111.47037116090794,2.1436609838636147,61.346981609101725,58.893102344737656,63.800860873465794,1.2269396321820345,18.56401524651843,17.82145463665769,19.30657585637917,0.3712803049303686,3.0109898446699828,2.8905502508831837,3.131429438456782,0.06021979689339966,16835.67134268537
57.114228456913835,72.6030082790571,69.6988879478948,75.50712861021938,1.4520601655811418,107.25090335523464,102.96086722102525,111.54093948944403,2.145018067104693,61.37717219528162,58.922085307470354,63.83225908309288,1.2275434439056323,18.5477843386454,17.805872965099585,19.289695712191214,0.370955686772908,3.011452097293486,2.8909940134017464,3.131910181185225,0.06022904194586971,16853.707414829663
57.26452905811624,72.59141297343844,69.6877564545009,75.49506949237598,1.4518282594687688,107.31873188048499,103.0259826052656,111.61148115570438,2.1463746376097,61.40721663961303,58.95092797402851,63.863505305197556,1.2281443327922608,18.53157754403374,17.79031444227239,19.272840645795092,0.37063155088067484,3.011920022010398,2.891443221129982,3.1323968228908137,0.06023840044020796,16871.74348697395
57.41482965931864,72.57966583113439,69.67647919788902,75.48285246437976,1.4515933166226878,107.38653383630461,103.09107248285243,111.68199518975679,2.147730676726092,61.43711613106153,58.97963148581907,63.89460077630399,1.2287423226212306,18.515394816187555,17.774779023540052,19.25601060883506,0.3703078963237511,3.0123935577895273,2.891897815477946,3.1328893001011084,0.06024787115579055,16889.779559118237
57.565130260521045,72.56776850928406,69.6650577689127,75.47047924965543,1.4513553701856814,107.45430830993615,103.15613597753871,111.7524806423336,2.1490861661987233,61.466871840743,59.008196967113285,63.92554671437272,1.2293374368148602,18.499236108789972,17.759266664438375,19.23920555314157,0.3699847221757995,3.012872644552508,2.8923577387704076,3.133387550334608,0.06025745289105016,16907.81563126253
57.71543086172345,72.55572263985563,69.6534937342614,75.45795154544986,1.4511144527971127,107.522054404746,103.22117222855616,111.82293658093585,2.15044108809492,61.49648492291107,59.03662552599463,63.956344319827515,1.2299296984582215,18.48310137582318,17.74377732079025,19.222425430856106,0.3696620275164636,3.0133572229465306,2.8928229340286693,3.133891511864392,0.06026714445893062,16925.851703406817
57.86573146292586,72.54352982381893,69.64178863086617,75.44527101677168,1.4508705964763786,107.58977125289698,103.2861804027811,111.89336210301286,2.15179542505794,61.525956511616684,59.064918251152015,63.98699477208135,1.2305191302323337,18.466990571162427,17.72831094831593,19.205670194008924,0.36933981142324857,3.013847235113157,2.893293345708631,3.1344011245176837,0.06027694470226315,16943.887775551106
58.01603206412826,72.53119163629485,69.62994397084306,75.43243930174664,1.4506238327258971,107.6574580041503,103.35115968398429,111.96375632431631,2.153149160083006,61.55528772365989,59.09307621471349,64.01749923260628,1.2311057544731978,18.450903648934784,17.712867502977392,19.188939794892175,0.36901807297869565,3.014342624008971,2.893768919048612,3.13491632896933,0.060286852480179426,16961.923847695394
58.166332665330664,72.518709625091,69.61796124008737,75.41945801009464,1.45037419250182,107.72511382904962,103.41610927588764,112.0341183822116,2.1545022765809922,61.584479657750435,59.12110047144042,64.04785884406046,1.2316895931550087,18.434840563417104,17.697446940880422,19.172234185953787,0.3686968112683421,3.0148433335987423,2.894249600254793,3.1354370669426923,0.060296866671974855,16979.959919839683
58.31663326653307,72.5060853107019,69.60584189827382,75.40632872312999,1.4501217062140381,107.79273791892105,103.48102840216421,112.10444743567788,2.155854758378421,61.613533394507854,59.14899205872754,64.07807473028817,1.2322706678901572,18.418801269036056,17.682049218274614,19.155553319797498,0.3683760253807211,3.0153493088554324,2.8947353365012147,3.1359632812096496,0.06030698617710865,16997.99599198397
58.46693386773548,72.49332037774693,69.59358756263705,75.3930531928568,1.4498664075549386,107.86032933587829,103.54591616244316,112.17474250931342,2.157206586717566,61.64245012282922,59.176752117916045,64.10814812774238,1.2328490024565844,18.402785719554416,17.66667429077224,19.138897148336593,0.3680557143910883,3.015860488549329,2.895226069007356,3.1364949080913025,0.060317209770986584,17016.03206412826
58.61723446893788,72.48041635280403,69.58119969869186,75.3796330069162,1.4496083270560807,107.92788726524523,103.61077177463542,112.24500275585504,2.1585577453049045,61.67123092722797,59.204381690138845,64.13808016431709,1.2334246185445594,18.386793869440417,17.6513221146628,19.122265624218034,0.36773587738880836,3.016376817383025,2.895721744687704,3.137031890078346,0.0603275363476605,17034.068136272548
58.76753507014028,72.46737465893933,69.56867967258177,75.3660696452969,1.4493474931787866,107.99541097283105,103.67559453391782,112.31522741174429,2.159908219456621,61.699876823828795,59.231881750875644,64.16787189678195,1.2339975364765758,18.37082567363597,17.635992646690532,19.105658700581408,0.3674165134727194,3.0168982439374568,2.8962223141799583,3.1375741736949547,0.06033796487874913,17052.104208416837
58.91783567134269,72.45419676462147,69.55602889403661,75.35236463520633,1.4490839352924294,108.06289968825348,103.74038370072334,112.38541567578362,2.1612579937650698,61.72838885866555,59.259253304318925,64.19752441301218,1.234567777173311,18.354881086923704,17.620685843446758,19.08907633040065,0.3670976217384741,3.0174247150627846,2.896727726460273,3.1381217036652957,0.060348494301255697,17070.140280561125
59.0681362725451,72.4408841164852,69.54324875182579,75.3385194811446,1.4488176823297039,108.13035265761951,103.80513855131473,112.4555667639243,2.1626070531523904,61.756768063298736,59.286497340766786,64.22703878583069,1.2351353612659748,18.33896006421278,17.60540166164427,19.072518466781293,0.3667792012842556,3.0179561784109654,2.8972379312745264,3.138674425547404,0.060359123568219306,17088.176352705414
59.2184368737475,72.4274381731172,69.53034064619251,75.32453570004188,1.448548763462344,108.19776911702617,103.86985835234512,112.52567988170722,2.1639553823405233,61.78501547710249,59.31361485801839,64.25641609618658,1.2357003095420498,18.32306256039787,17.590140057981955,19.055985062813782,0.36646125120795736,3.0184925811782466,2.897752877931117,3.139232284425376,0.060369851623564924,17106.212424849702
59.3687374749499,72.41386057129967,69.51730614844767,75.31041499415166,1.4482772114259934,108.26514816216972,103.93454223568294,112.5957540886565,2.1653029632433944,61.81313225692811,59.34060696665098,64.28565754720523,1.236262645138562,18.307188529665396,17.57490098847878,19.03947607085201,0.36614377059330794,3.019033863917544,2.8982725093608424,3.139795218474246,0.060380677278350885,17124.24849699399
59.519038076152306,72.40015260885912,69.50414650450475,75.29615871321349,1.4480030521771823,108.33248915396543,103.99918958780681,112.66578872012404,2.1666497830793086,61.8411193359623,59.3674745625238,64.31476410940078,1.236822386719246,18.29133792765171,17.559684410545643,19.02299144475778,0.3658267585530342,3.019579979786904,2.8987967805954282,3.14036317897838,0.06039159959573808,17142.28456913828
59.669338677354716,72.38631569298866,69.49086306526911,75.28176832070821,1.4477263138597731,108.39979136691284,104.06379971223632,112.73578302158936,2.167995827338257,61.86897771946552,59.3942186106869,64.34373682824415,1.2373795543893105,18.27551070957215,17.544490281189262,19.006531137955037,0.365510214191443,3.0201308778628717,2.8993256427483565,3.1409361129773865,0.06040261755725743,17160.320641282568
59.81963927855712,72.37235121387066,69.47745716531583,75.26724526242549,1.4474470242774131,108.46705408821782,104.1283719246891,112.80573625174654,2.1693410817643564,61.896708401406535,59.420840065350276,64.3725767374628,1.2379341680281308,18.25970683074844,17.5293185575185,18.990095103978376,0.3651941366149688,3.020686507844267,2.899859047530496,3.1415139681580375,0.06041373015688534,17178.356713426856
59.96993987975952,72.35826054467691,69.46393012288983,75.25259096646398,1.4471652108935382,108.53427661779249,104.19290555308079,112.87564768250418,2.17068553235585,61.924312364462395,59.4473398698839,64.40128485904089,1.238486247289248,18.243926246608684,17.514169196744337,18.97368329647303,0.3648785249321737,3.021246820052194,2.900396947250106,3.1420966928542815,0.06042493640104387,17196.392785571144
60.120240480961925,72.34404511182281,69.45028330734989,75.23780691629572,1.4468809022364562,108.60145821190991,104.25739988343352,112.94551654038631,2.1720291642381984,61.95179062627234,59.47371900122145,64.42986225132323,1.2390358125254468,18.228168912465833,17.4990421559672,18.957295668964466,0.36456337824931667,3.0218117627863164,2.900939292274864,3.1426842332977687,0.060436235255726334,17214.428857715433
60.270541082164335,72.32970628309035,69.43651803176674,75.22289453441395,1.446594125661807,108.66859817293178,104.32185424601451,113.01534209984905,2.1733719634586355,61.97914416578041,59.49997839914919,64.45830993241162,1.2395828833156082,18.212434783870464,17.483937392515646,18.94093217522528,0.3642486956774093,3.0223812865348716,2.901486035073477,3.1432765379962664,0.06044762573069743,17232.46492985972
60.42084168336674,72.31524537259867,69.42263555769472,75.20785518750262,1.4463049074519734,108.7356958453218,104.38626801150893,113.08512367913467,2.1747139169064362,62.00637392650794,59.52611896944762,64.48662888356826,1.2401274785301588,18.196723816595142,17.468854863931337,18.924592769258947,0.36393447633190285,3.0229553437876193,2.9020371300361147,3.143873557539124,0.060459106875752386,17250.50100200401
60.57114228456914,72.30066370753337,69.40863715923204,75.1926902558347,1.4460132741506675,108.8027505621277,104.45064053964259,113.1548605846128,2.176055011242554,62.03348086048662,59.552141626067154,64.51482009490609,1.2406696172097325,18.181035966423963,17.453794527767005,18.90827740508092,0.3636207193284793,3.0235338865247807,2.9025925310637897,3.144475241985772,0.060470677730495616,17268.5370741483
60.721442885771545,72.28596260018695,69.39452409617947,75.17740110419443,1.445719252003739,108.86976166740502,104.51497120070881,113.22455213410122,2.1773952333481,62.060465909850656,59.57804727345663,64.54288454624468,1.2412093181970132,18.165371189240727,17.4387563416711,18.891986036810355,0.36330742378481456,3.024116867269168,2.903152192578401,3.1450815419599345,0.06048233734538336,17286.573146292587
60.871743486973955,72.27114335429654,69.38029762012468,75.1619890884684,1.4454228670859308,108.93672851063808,104.57925937021255,113.2941976510636,2.1787345702127614,62.08733001096905,59.60383681053028,64.57082321140781,1.2417466002193809,18.149729441038847,17.423740263397292,18.875718618680402,0.36299458882077695,3.024704238855598,2.9037160693013737,3.1456924084098215,0.060494084777111955,17304.60921843688
61.02204408817636,72.25620730156551,69.36595900950289,75.14645559362813,1.4451241460313102,109.00365041458912,104.64350439800555,113.36379643117269,2.1800730082917825,62.114074118258664,59.62951115352832,64.59863708298901,1.2422814823651733,18.134110677978494,17.408746250859355,18.859475105097633,0.3626822135595699,3.0252959531021126,2.9042841149780285,3.146307791226197,0.06050591906204225,17322.645290581168
61.17234468937876,72.24115568078007,69.35150945354887,75.13080190801126,1.4448231136156013,109.07052678171476,104.70770571044618,113.43334785298335,2.181410535634295,62.14069912536506,59.65507116035046,64.62632709037966,1.2428139825073012,18.1185148561975,17.3937742619496,18.8432554504454,0.36237029712395,3.0258919652081335,2.9048562865998084,3.1469276438164586,0.06051783930416267,17340.681362725456
61.322645290581164,72.22598974961987,69.33695015963508,75.11502933960466,1.4445197949923974,109.13735699573658,104.77186271590712,113.50285127556604,2.182747139914732,62.16720593806599,59.68051770054335,64.65389417558863,1.24334411876132,18.102941931986262,17.37882425470681,18.827059609265714,0.36205883863972527,3.026492229686403,2.905432540498947,3.147551918873859,0.06052984459372806,17358.717434869744
61.472945891783574,72.21071075123326,69.32228232118393,75.0991391812826,1.4442142150246653,109.20414045106557,104.83597483302295,113.5723060691082,2.1840828090213114,62.19359545247755,59.70585163437845,64.68133927057666,1.2438719090495511,18.087391861735423,17.363896187266008,18.810887536204838,0.36174783723470844,3.027096701579096,2.906012833515932,3.14818056964226,0.060541934031581916,17376.753507014033
61.62324649298598,72.1953199142372,69.30750711766771,75.0831327108067,1.443906398284744,109.27087655280229,104.9000414906902,113.64171161491439,2.185417531056046,62.21986855505412,59.73107381285195,64.70866329725628,1.2443973711010825,18.07186460193593,17.34899001785849,18.794739186013366,0.36143729203871855,3.0277053364578186,2.906597122999506,3.1488135499161314,0.06055410672915637,17394.78957915832
61.77354709418838,72.17981845271737,69.29262571460868,75.06701119082607,1.4435963690543474,109.33756471673682,104.96406212806735,113.71106730540629,2.1867512943347367,62.246026122588404,59.75618507768487,64.73586716749195,1.244920522451768,18.056360109178986,17.334105704811826,18.778614513546145,0.36112720218357974,3.0283180904236096,2.907185366806665,3.149450814040554,0.06056636180847219,17412.82565130261
61.92384769539078,72.16420756622804,69.27763926357892,75.05077586887717,1.443284151324561,109.40420436934876,105.02803619457481,113.78037254412271,2.1880840873869754,62.27206902221149,59.78118626132303,64.76295178309995,1.24544138044423,18.040878340156066,17.319243206549825,18.762513473762308,0.3608175668031213,3.0289349201069404,2.907777523302663,3.150092316911218,0.06057869840213881,17430.8617234469
62.074148296593194,72.148488446914,69.26254890903743,75.03442798479057,1.44296976893828,109.47079494166125,105.0919631439948,113.8496267393277,2.189415898833225,62.297998116035224,59.806078191393816,64.78991804067664,1.2459599623207045,18.025419251664133,17.304402481597567,18.7464360217307,0.36050838503328264,3.0295557823971264,2.9083735511012416,3.150738013693011,0.060591115647942534,17448.89779559119
62.2244488977956,72.13266236886885,69.24735587411409,75.01796886362361,1.442653247377377,109.53733579212648,105.15584236044143,113.91882922381154,2.1907467158425296,62.323814319402295,59.830861746626205,64.81676689217839,1.2464762863880459,18.009982800670777,17.289583488643945,18.730382112697608,0.3601996560134155,3.0301806310472594,2.908973405805369,3.15138785628915,0.06060361262094519,17466.93386773548
62.374749498998,72.11673042879642,69.23206121164456,75.00139964594827,1.4423346085759283,109.60382643042973,105.21967337321254,113.98797948764692,2.192076528608595,62.349518431831264,59.855537694558016,64.84349916910452,1.2469903686366253,17.99456894412508,17.27478618636008,18.714351701890084,0.3598913788825016,3.030809426527489,2.9095770494663893,3.152041803588588,0.06061618853054978,17484.969939879767
62.5250501002004,72.10069377773782,69.2166660266283,74.98472152884733,1.4420138755547565,109.67026631751358,105.28345566481303,114.05707697021413,2.1934053263502715,62.37511128807236,59.880106836549466,64.87011573959525,1.2475022257614472,17.979177639126625,17.26001053356156,18.698344744691692,0.3595835527825325,3.03144212722081,2.9101844421319774,3.1526998123096424,0.0606288425444162,17503.006012024056
62.67535070140281,72.08455355290664,69.20117141079038,74.9679356950229,1.4416910710581328,109.73665492440274,105.34718872742663,114.12612112137886,2.194733098488055,62.40059371367293,59.904569965126015,64.89661746221985,1.2480118742734587,17.96380884287578,17.24525648916075,18.682361196590808,0.35927617685751556,3.0320786920129086,2.910795544332392,3.153361839693425,0.06064157384025817,17521.042084168344
62.825651302605216,72.06831087768892,69.18557844258136,74.95104331279647,1.4413662175537783,109.80299173220406,105.4108720629159,114.19511140149223,2.1960598346440814,62.42596652497745,59.92892786397835,64.92300518597655,1.248519330499549,17.9484625126737,17.230524012166754,18.666401013180646,0.358969250253474,3.0327190802921615,2.911410317080475,3.1540278435038482,0.06065438160584323,17539.078156312633
62.97595190380762,72.05196686164314,69.1698881871774,74.93404553610887,1.4410393372328627,109.86927623210653,105.47450518282227,114.26404728139079,2.1973855246421308,62.4512305291275,59.9531813079624,64.9492797502926,1.24902461058255,17.933138605922334,17.21581306168544,18.650464150159227,0.3586627721184467,3.0333632519496376,2.912028721871652,3.154697782027623,0.06066726503899275,17557.11422845692
63.12625250501002,72.03552260050031,69.1541016964803,74.91694350452033,1.4407104520100062,109.93550792538136,105.5380876083661,114.33292824239662,2.198710158507627,62.4763865240618,59.97733106309933,64.97544198502428,1.249527730481236,17.917837080124418,17.20112359691944,18.634550563329395,0.35835674160248837,3.034011167379099,2.912650720683935,3.155371614074263,0.06068022334758198,17575.15030060121
63.27655310621243,72.01897917954244,69.13822001236075,74.89973834672413,1.4403795835908488,110.00168632057958,105.6016188677564,114.40175377340276,2.2000337264115917,62.501435300725504,60.00137788869648,65.00149271275453,1.25002870601451,17.90255789287949,17.18645557716431,18.61866020859467,0.3580511578575898,3.0346627873505123,2.913276275856492,3.156049298844533,0.06069325574701025,17593.186372745502
63.426853707414836,72.00233785147543,69.12224433741642,74.88243136553444,1.4400467570295086,110.06781078600208,105.665098354562,114.47052321744216,2.201356215720042,62.52637775938646,60.025322649011,65.02743286976192,1.2505275551877293,17.88730100167468,17.17180896160769,18.602793041741666,0.3577460200334936,3.035318066351033,2.9139053436969915,3.1567307890050738,0.060706361327020654,17611.22244488979
63.57715430861724,71.9855995671246,69.10617558443961,74.86502354980958,1.4397119913424918,110.13388093894689,105.72852570138902,114.53923617650476,2.202677618778938,62.551214602743414,60.04916601863368,65.05326318685314,1.2510242920548682,17.872066364436737,17.157183709859268,18.586949019014206,0.35744132728873473,3.03597697015434,2.9145378913481665,3.157416048960514,0.0607195394030868,17629.258517034075
63.72745490981964,71.96876538280007,69.09001476748807,74.84751599811207,1.4393753076560014,110.19989630783505,105.79190045552164,114.60789216014845,2.203997926156701,62.575946602313955,60.0729087382214,65.07898446640651,1.2515189320462792,17.856853939052854,17.14257978149074,18.57112809661497,0.3571370787810571,3.0366394605701172,2.9151738821473128,3.158105038992922,0.060732789211402356,17647.294589178364
63.87775551102205,71.95183634215239,69.07376288846629,74.82990979583849,1.4390367268430477,110.26585643020084,105.85522217299281,114.67649068740887,2.2053171286040167,62.60057452117663,60.096551540329564,65.1045975020237,1.2520114904235327,17.841663683509616,17.12799713616923,18.55533023085,0.3568332736701923,3.0373054998670086,2.915813279872328,3.1587977198616892,0.060746109997340175,17665.330661322656
64.02805611222445,71.93481347617274,69.05742093712583,74.81220601521964,1.4386962695234546,110.33176085269204,105.91849041858435,114.74503128679973,2.206635217053841,62.62509911397092,60.12009514941208,65.13010307852976,1.2525019822794183,17.82649555589305,17.11343573365733,18.53955537812877,0.35652991111786103,3.037975050772623,2.9164560487417175,3.159494052803528,0.06075950101545246,17683.36673346694
64.17835671342687,71.91769780319268,69.04098989106497,74.7944057153204,1.4383539560638536,110.3976091310697,105.98170476582692,114.81351349631248,2.207952182621394,62.64952112689724,60.14354028182135,65.15550197197314,1.252990422537945,17.81134951438857,17.098895533813028,18.523803494964113,0.35622699028777144,3.0386480764735304,2.9171021534145893,3.1601939995324715,0.06077296152947061,17701.402805611233
64.32865731462927,71.90049032888437,69.024470715729,74.77650994203975,1.4380098065776874,110.4634008302082,106.04486479699987,114.88193686341653,2.209268016604164,62.67384129771696,60.16688764580828,65.18079494962564,1.2534768259543392,17.79622551728103,17.08437649658979,18.50807453797227,0.3559245103456206,3.0393245406152665,2.917751558990656,3.160897522239877,0.06078649081230533,17719.43887775552
64.47895791583167,71.88319204626055,69.00786436441012,74.75851972811097,1.437663840925211,110.5291355240953,106.10797010313148,114.95030094505911,2.210582710481906,62.69806035575236,60.190137941522266,65.20598276998246,1.2539612071150472,17.781123522954665,17.06987858203648,18.49236846387285,0.3556224704590933,3.0400044073023285,2.918404231010235,3.1616045835944218,0.060800088146046566,17737.47494989981
64.62925851703407,71.8658041353883,68.99117196997277,74.74043630080384,1.437316082707766,110.59481263318922,106.17102012786165,115.01860513851679,2.2118962526637844,62.72217915266736,60.21329198656066,65.23106631877405,1.2544435830533471,17.766043489500518,17.0554017499205,18.476685229080537,0.3553208697900104,3.0406876336774946,2.9190601283303947,3.162315139024594,0.060813752673549895,17755.5110220441
64.77955911823648,71.84832746128568,68.97439436283425,74.72226055973711,1.4369665492257135,110.66043183332134,106.23401455998848,115.0868491066542,2.213208636666427,62.74619833366998,60.23635040032318,65.25604626701679,1.2549239666733996,17.75098537570352,17.04094596067538,18.461024790731663,0.3550197075140704,3.0413741885782644,2.919719221035134,3.163029156121395,0.06082748377156529,17773.547094188387
64.92985971943888,71.83076299099712,68.95753247135723,74.703993510637,1.4366152598199424,110.72599271603862,106.29695300739708,115.15503242468016,2.2145198543207725,62.77011861063013,60.25931386620492,65.28092335505534,1.2554023722126026,17.73594914022255,17.02651117461365,18.445387105831454,0.354718982804451,3.0420640370397654,2.920381475558175,3.163746598521356,0.06084128074079531,17791.583166332675
65.08016032064128,71.8131116855064,68.94058721808614,74.68563615292666,1.436262233710128,110.79149487662738,106.35983508156228,115.22315467169248,2.2158298975325477,62.793940691299795,60.28218306364781,65.30569831895178,1.255878813825996,17.720934741802925,17.01209735213081,18.42977213147504,0.3544186948360585,3.042757144310902,2.9210468585384657,3.164467430083338,0.060855142886218044,17809.619238476964
65.23046092184369,71.79537449441679,68.92355951464012,74.66718947419346,1.435907489888336,110.85693791844575,106.42266040170792,115.29121543518359,2.217138758368915,62.81766527582946,60.30495866479628,65.33037188686264,1.2563533055165892,17.705942139286858,16.997704453715382,18.414179824858333,0.3541188427857372,3.043453476052017,2.9217153370099367,3.1651916150940975,0.06086906952104034,17827.655310621252
65.3807615230461,71.77755235595122,68.90645026171316,74.64865445018927,1.4355510471190243,110.92232145292357,106.48542859480662,115.35921431104052,2.2184464290584716,62.841293056768095,60.32764133449737,65.35494477903882,1.256825861135362,17.690971291613458,16.98333243994892,18.398610143277995,0.35381942583226916,3.0441529983348907,2.9223868784014946,3.1659191182682864,0.060883059966697815,17845.691382765544
65.5310621242485,71.75964619695208,68.889260349074,74.63003204483016,1.4351929239390415,110.98764509956231,106.54813929557982,115.42715090354481,2.2197529019912463,62.864824719063236,60.350231730300706,65.37941770782577,1.2572964943812648,17.676022157818746,16.968981271505996,18.383063044131497,0.35352044315637493,3.0448556776427416,2.9230614505370314,3.1666499047484513,0.06089711355285483,17863.727454909833
65.68136272545091,71.74165693288141,68.87199065556615,74.61132321019667,1.4348331386576283,111.05290848593528,106.61079214649787,115.49502482537268,2.2210581697187055,62.88826094006088,60.372730502458445,65.40379137766331,1.2577652188012176,17.661094697035626,16.9546509091542,18.367538484917052,0.3532218939407125,3.0455614808702265,2.9237390216354173,3.1673839401050357,0.06091122961740453,17881.763527054118
65.83166332665331,71.72358560977567,68.85464218538465,74.59252903416669,1.4344717121955133,111.11811113321531,106.67338668788669,115.56283557854393,2.222362222664306,62.911602482509835,60.39513838320944,65.42806658181023,1.2582320496501966,17.646188868170963,16.940341313444126,18.3520364228978,0.3529237773634193,3.0462703701012983,2.9244195552972463,3.1681211849053503,0.06092540740202597,17899.79959919841
65.98196392785572,71.70543310336436,68.83721577922978,74.57365042749893,1.4341086620672872,111.18325269880503,106.73592259085284,115.63058280675723,2.223665053976101,62.93484999743386,60.41745599753651,65.45224399733121,1.2586969999486772,17.63130463059007,16.926052445366466,18.336556815813672,0.3526260926118014,3.0469823136778316,2.9251030211307185,3.168861606224945,0.060939646273556636,17917.8356713427
66.13226452905812,71.68720025932669,68.81971224895362,74.55468826969975,1.4337440051865338,111.24833286323405,106.7983995487047,115.69826617776341,2.224966657264681,62.95800411602333,60.4396839513824,65.47632428066427,1.2591600823204667,17.61644194379764,16.911784266045732,18.321099621549546,0.3523288388759528,3.047697281039954,2.925789389798356,3.1696051722815515,0.060953945620799074,17935.871743486987
66.28256513026052,71.66888796609558,68.80213244745175,74.53564348473941,1.4333777593219117,111.31335127145009,106.86081722059208,115.7658853223081,2.226267025429002,62.981065497334136,60.46182287744077,65.5003081172275,1.2596213099466826,17.601600767272096,16.897536736581213,18.30566479796298,0.35203201534544193,3.0484152400477784,2.9264786304458674,3.17035184964969,0.060968304800955574,17953.907815631275
66.43286573146293,71.65049710112942,68.78447721708424,74.51651698517459,1.4330099420225884,111.37830757614527,106.92317527309946,115.83343987919109,2.2275661515229057,63.00403479308652,60.483873401363056,65.52419618480998,1.2600806958617303,17.586781060587853,16.88330981816434,18.290252303011368,0.35173562121175705,3.0491361589579284,2.9271707125996116,3.1711016053162453,0.06098272317915857,17971.943887775564
66.58316633266534,71.63202853105119,68.76674738980914,74.49730967229324,1.432640570621024,111.44320143764392,106.98547338013816,115.90092949514968,2.2288640287528785,63.02691264775638,60.505836141846125,65.54798915366663,1.2605382529551277,17.571982783414967,16.86910347207837,18.274862094751565,0.3514396556682993,3.049860006418411,2.927865606161675,3.1718544066751475,0.06099720012836822,17989.979959919852
66.73346693386775,71.61348311178783,68.74894378731632,74.47802243625934,1.4322696622357567,111.50803252379013,107.04771122283853,115.96835382474174,2.2301606504758027,63.049699698666544,60.527711710719885,65.5716876866132,1.260993993973331,17.557205895518855,16.854917659698103,18.259494131339608,0.3511441179103771,3.050586751463496,2.928563281404956,3.1726102215220355,0.06101173502926992,18008.01603206414
66.88376753507015,71.59486168870957,68.73106722116118,74.45865615625796,1.4318972337741915,111.5728005098356,107.10988848944218,116.03571253022902,2.231456010196712,63.07239657607793,60.54950071303481,65.59529243912104,1.2614479315215585,17.542450356759932,16.840752342489534,18.24414837103033,0.3508490071351987,3.0513163635085894,2.9292637089682456,3.1733690180489327,0.061026327270171786,18026.05210420843
67.03406813627255,71.57616525988175,68.71311864948647,74.43921187027702,1.431523305197635,111.63750494767162,107.17200474976475,116.10300514557848,2.2327500989534323,63.09500401017653,60.57120384976947,65.61880417058359,1.2619000802035307,17.527716126707002,16.82660748163872,18.228824771775283,0.35055432253414004,3.0520488063191644,2.929966854066398,3.1741307585719314,0.061040976126383296,18044.08817635272
67.18436873747495,71.55739457798865,68.6950987948691,74.4196903611082,1.4311478915597728,111.70214558469311,107.23405976130539,116.17023140808084,2.2340429116938623,63.11752257019466,60.59282166738687,65.64222347300245,1.2623504514038932,17.51300316558011,16.812483038956906,18.213523292203313,0.3502600633116022,3.052784052717103,2.930672690608419,3.174895414825787,0.061055681054342066,18062.124248497006
67.33466933867736,71.53855044757032,68.67700842966751,74.40009246547312,1.4307710089514063,111.76672212570695,107.29605324067867,116.23739101073522,2.235334442514139,63.1399528592047,60.61435474483651,65.66555097357289,1.262799057184094,17.498311433546522,16.79837897620466,18.198243890888385,0.34996622867093047,3.0535220735997504,2.9313811906557605,3.17566295654374,0.06107044147199501,18080.160320641295
67.48496993987976,71.5196336866163,68.65884833915165,74.38041903408096,1.430392673732326,111.83123426369517,107.35798489314736,116.30448363424297,2.2366246852739033,63.162295488949525,60.63580366939154,65.6887873085075,1.2632459097789905,17.483640890811742,16.784295255179273,18.18298652644421,0.3496728178162348,3.054262839358803,2.9320923257844504,3.176433352933155,0.06108525678717605,18098.196392785583
67.63527054108216,71.50064510446141,68.64061930028295,74.36067090863988,1.4300129020892283,111.89568169751999,107.41985442961919,116.37150896542079,2.2379136339504,63.184551065356544,60.65716902274228,65.71193310797081,1.2636910213071308,17.468991497671833,16.77023183776496,18.167751157578707,0.3493798299534367,3.055006320696937,2.93280606786906,3.1772065735248147,0.06110012641393875,18116.23246492987
67.78557114228457,71.48158550197158,68.62232208189272,74.34084892205044,1.4296317100394316,111.96006413177427,107.4816615665033,116.43846669704524,2.2392012826354857,63.206720188659425,60.67845138111305,65.7349889962058,1.2641344037731885,17.45436321451304,16.756188685932518,18.152537743093564,0.3490872642902608,3.0557524886209624,2.9335223890761237,3.177982588165801,0.061115049772419244,18134.26853707416
67.93587174348698,71.46245567172978,68.6039574448606,74.32095389859897,1.4292491134345957,112.02438127663174,107.54340602556647,116.50535652769702,2.240487625532635,63.22880345352003,60.69965131537923,65.75795559166083,1.2645760690704007,17.439756001811322,16.742165761738868,18.137346241883776,0.3487951200362264,3.0565013144349753,2.934241261857576,3.178761367012374,0.061130026288699506,18152.304609218452
68.08617234468939,71.44325639822206,68.58552614229318,74.30098665415095,1.4288651279644413,112.08863284769735,107.60508753378946,116.57217816160525,2.2417726569539473,63.2508014491501,60.7207693911841,65.78083350711611,1.2650160289830021,17.42516982013195,16.72816302732667,18.122176612937228,0.348503396402639,3.057252769733512,2.9349626589441717,3.1795428805228525,0.06114505539467024,18170.34068136274
68.23647294589179,71.42398845802322,68.5670289197023,74.28094799634414,1.4284797691604643,112.15281856585763,107.66670582322332,116.63893130849193,2.2430563713171527,63.27271475943316,60.74180616905583,65.80362334981048,1.2654542951886631,17.410604630129058,16.714180444923894,18.10702881533422,0.3482120926025812,3.0580068263947044,2.935686553338916,3.1803270994504924,0.061160136527894086,18188.37675350703
68.3867735470942,71.40465261998288,68.54846651518356,74.2608387247822,1.4280930523996578,112.21693815713098,107.72826063084574,116.70561568341623,2.2443387631426197,63.29454396304625,60.7627622045244,65.8263257215681,1.2658908792609251,17.396060392545245,16.700217976843433,18.091902808247056,0.3479212078509049,3.058763456573429,2.936412918310492,3.181113994836366,0.06117526913146858,18206.412825651318
68.5370741482966,71.38524964541143,68.52983965959498,74.24065963122789,1.4277049929082286,112.28099135251813,107.7897516984174,116.77223100661885,2.2456198270503624,63.31628963358179,60.783638048238515,65.84894121892506,1.2663257926716358,17.38153706821111,16.686275585482665,18.076798550939554,0.3476307413642222,3.0595226326944673,2.9371417273866887,3.1819035380022465,0.06119045265388935,18224.448897795606
68.687374749499,71.36578030434353,68.51114909216979,74.22041151651727,1.4273156060868706,112.34497787564263,107.85117876061692,116.83877699066834,2.2468995575128528,63.337952350154005,60.80443425614784,65.87147044416017,1.26675904700308,17.367034617995053,16.67235323327525,18.061716002714856,0.34734069235990106,3.060284326892584,2.9378729538168806,3.1826956999682876,0.06120568653785168,18242.484969939895
68.8376753507014,71.34624536722342,68.49239555253448,74.20009518191236,1.4269249073444683,112.40889744905692,107.91254155109465,116.9052533470192,2.2481779489811387,63.35953269197719,60.8251513842981,65.89391399965628,1.2671906538395439,17.35255300282917,16.658450882716,18.046655122942337,0.34705106005658337,3.0610485112981043,2.93860657084618,3.1834904517500284,0.06122097022596208,18260.521042084183
68.9879759519038,71.32664555324821,68.47357973111828,74.17971137537815,1.4265329110649643,112.47274983346246,107.97383984012396,116.97165982680096,2.2494549966692494,63.381031204680056,60.84578995649285,65.91627245286726,1.2676206240936012,17.338092183869414,16.644568496514637,18.03161587122419,0.34676184367738827,3.061815159813438,2.939342553420901,3.184287766205976,0.06123630319626877,18278.55711422847
69.13827655310622,71.30698159871753,68.45470233476883,74.15926086266623,1.4261396319743507,112.53653477579572,108.03507338476389,117.03799616682754,2.2507306955159145,63.40244844487837,60.86635050708323,65.93854638267351,1.2680489688975674,17.323652122284013,16.630706037392653,18.016598207175374,0.3464730424456803,3.0625842457614207,2.940080875930964,3.1850876155918777,0.061251684915228415,18296.59318637276
69.28857715430863,71.28725423362326,68.43576406427833,74.13874440296819,1.4257450846724653,112.60025202699771,108.0962419459178,117.10426210807762,2.252005040539954,63.42378496490925,60.88683356631288,65.96073636350562,1.2684756992981852,17.309232779326162,16.616863468153117,18.00160209049921,0.3461846555865233,3.063355742690168,2.9408215129825614,3.185889972397775,0.06126711485380337,18314.62925851705
69.43887775551103,71.26746418184733,68.41676561457344,74.11816274912123,1.4253492836369466,112.66390134185535,108.15734528818113,117.17045739552957,2.253278026837107,63.44504131296073,60.9072396604423,65.98284296547916,1.2689008262592147,17.294834116333526,16.603040751680183,17.98662748098687,0.34589668232667053,3.0641296243658207,2.9415644393911884,3.1866948093404535,0.06128259248731641,18332.665330661337
69.58917835671343,71.2476121613595,68.39770767490512,74.09751664781388,1.42495224322719,112.72748247884267,108.21838317968897,117.23658177799638,2.2545496495768536,63.466218033201386,60.92756931187333,66.00486675452944,1.2693243606640277,17.280456094727786,16.589237850938673,17.971674338516898,0.3456091218945557,3.0649058647652883,2.9423096301746763,3.1875020993559,0.06129811729530576,18350.701402805626
69.73947895791584,71.22769888441532,68.37859092903871,74.07680683979193,1.4245539776883065,112.79099519996218,108.27935539196369,117.30263500796067,2.2558199039992437,63.48731566590985,60.94782303927345,66.02680829254624,1.269746313318197,17.2660986760142,16.575454728973632,17.956742623054765,0.345321973520284,3.0656844380689927,2.9430570605462334,3.1883118155917525,0.06131368876137985,18368.737474949914
69.88977955911824,71.20772505775376,68.35941605544362,74.05603406006391,1.4241545011550754,112.85443927058608,108.34026169976264,117.36861684140953,2.257088785411722,63.50833474760439,60.96800135770021,66.04866813750856,1.2701666949520878,17.251761821781084,16.56169134890984,17.94183229465233,0.3450352364356217,3.0664653186536124,2.943806705907468,3.1891239313997573,0.061329306373072254,18386.773547094203
70.04008016032064,71.18769138279518,68.34018372748338,74.03519903810698,1.4237538276559036,112.9178144592976,108.4011018809257,117.43452703766951,2.258356289185952,63.52927581117255,60.98810477872565,66.07044684361945,1.2705855162234512,17.237445493699422,16.547947673951445,17.9269433134474,0.34474890987398843,3.0672484810848277,2.9445585418414346,3.189938420328221,0.06134496962169656,18404.80961923849
70.19038076152304,71.16759855583904,68.32089461360547,74.0143024980726,1.4233519711167808,112.98112053773234,108.46187571622305,117.50036535924163,2.259622410754647,63.55013938600065,61.00813381056062,66.09214496144068,1.271002787720013,17.22314965352233,16.534223667381436,17.912075639663225,0.34446299307044664,3.0680339001100605,2.9453125441056582,3.1907552561144628,0.06136067800220121,18422.84569138278
70.34068136272546,71.1474472682618,68.30154937753133,73.99334515899227,1.422948945365236,113.04435728041943,108.52258298920266,117.5661315716362,2.2608871456083888,63.570925998103434,61.028088958179296,66.11376303802757,1.2714185199620687,17.208874263084628,16.520519292561243,17.897229233608012,0.34417748526169256,3.0688215506512253,2.9460686886251763,3.1915744126772743,0.06137643101302451,18440.88176352707
70.49098196392787,71.12723801730459,68.28214849661241,73.97232753799678,1.422544760346092,113.10752461945076,108.58322363467272,117.6318256042288,2.262150492389015,63.59163604626007,61.04797060440967,66.13530148811047,1.2718327209252014,17.194619284670882,16.506834513284048,17.882404056057716,0.3438923856934176,3.0696114146754176,2.946826958088401,3.1923958712624345,0.06139222829350835,18458.91783567136
70.64128256513027,71.1069715700623,68.2626927072598,73.9512504328648,1.422139431401246,113.1706222652094,108.64379737460102,117.69744715581778,2.263412445304188,63.61227010575538,61.067779301525164,66.15676090998559,1.2722454021151075,17.180384680112606,16.493169292908103,17.86760006731711,0.34360769360225213,3.070403464346249,2.947587325772399,3.1932196029200988,0.06140806928692497,18476.95390781565
70.79158316633267,71.08664861505737,68.24318267045507,73.93011455965967,1.4217329723011474,113.23364999118365,108.7043039915363,117.762995990831,2.264672999823673,63.63282870028967,61.087515552278084,66.17814184830125,1.2726565740057934,17.16617041146608,16.479523595007436,17.852817227924724,0.3433234082293216,3.0711976746759926,2.9483497676889527,3.1940455816630324,0.06142395349351985,18494.989979959937
70.94188376753507,71.06626981041676,68.22361901800008,73.90892060283343,1.4213253962083352,113.29660759458908,108.76474329080551,117.82847189837264,2.2659321518917817,63.653312333516936,61.10717984017626,66.19944482685761,1.2730662466703389,17.15197644091849,16.46589738328175,17.838055498555228,0.3430395288183698,3.0719940217760895,2.949114260905046,3.1948737826471327,0.06143988043552179,18513.026052104226
71.09218436873748,71.0458358089415,68.20400237658384,73.88766924129916,1.42091671617883,113.3594948758791,108.82511508084393,117.89387467091426,2.2671898975175817,63.67372150545624,61.12677264523799,66.2206703656745,1.273474430109125,17.13780273073914,16.452290621509572,17.823314839968706,0.3427560546147828,3.072792481946733,2.9498807826688633,3.1957041812246025,0.06145584963893466,18531.062124248514
71.24248496993988,71.02534725825086,68.18433336792083,73.86636114858089,1.4205069451650172,113.42231163863019,108.88541917308498,117.9592041041754,2.268446232772604,63.69405671258608,61.14629444408264,66.24181898108952,1.2738811342517218,17.123649243279036,16.438703273547876,17.808595213010197,0.34247298486558075,3.073593031671565,2.9506493104047022,3.1965367529384277,0.0614718606334313,18549.098196392802
71.39278557114228,71.00480480092624,68.16461260888919,73.84499699296329,1.4200960960185247,113.48505768942732,108.94565538185023,118.02445999700441,2.2697011537885463,63.71431844793872,61.16574571002118,66.26289118585628,1.2742863689587745,17.10951594097057,16.425135303331746,17.793896578609395,0.3421903188194114,3.0743956476123766,2.9514198217078818,3.1973714735168715,0.061487912952247537,18567.13426853709
71.5430861723447,70.98420907465514,68.14484071166893,73.82357743764135,1.419684181493103,113.54773283774908,109.00582352423912,118.08964215125904,2.2709546567549816,63.73450720119457,61.18512691314678,66.28388748924235,1.2746901440238914,17.095402786327128,16.411586674874044,17.77921889778021,0.34190805572654254,3.075200306603805,2.952192294339653,3.1982083188679575,0.0615040061320761,18585.17034068138
71.6933867735471,70.96356071237524,68.12501828388024,73.80210314087024,1.4192712142475048,113.61033689585301,109.06592342001889,118.15475037168713,2.27220673791706,63.754623458776436,61.20443852042538,66.30480839712749,1.2750924691755288,17.08130974194276,16.39805735226505,17.764562131620472,0.3416261948388552,3.076006985648034,2.9529667062221123,3.199047265073955,0.06152013971296068,18603.206412825668
71.8436873747495,70.94286034241834,68.10514592872161,73.78057475611507,1.418857206848367,113.67286967866096,109.12595489151452,118.2197844658074,2.2734573935732194,63.77466770394396,61.223680995786204,66.32565441210173,1.2754933540788793,17.067236770491785,16.384547299672114,17.749926241311456,0.34134473540983573,3.0768156619094893,2.9537430354331096,3.1998882883858686,0.06153631323818978,18621.242484969956
71.99398797595191,70.92210858865432,68.08522424510815,73.7589929322005,1.4184421717730866,113.73533100364432,109.18591776349855,118.28474424379009,2.2747066200728865,63.79464041688793,61.24285480021241,66.34642603356345,1.2758928083377585,17.053183834728465,16.371056481339327,17.735311188117603,0.34106367669456933,3.0776263127095405,2.954521260201159,3.200731365217922,0.06155252625419082,18639.278557114245
72.14428857715431,70.90130598068882,68.06525374146126,73.73735821991637,1.4180261196137764,113.79772076395264,109.24581193339453,118.34962959451074,2.275954415279053,63.81454201598254,61.26196033534324,66.36712369662185,1.276290840319651,17.039150897661276,16.357584861754827,17.720716933567726,0.3407830179532255,3.078438918930985,2.9553013621737456,3.201576475688224,0.0615687783786197,18657.314629258533
72.29458917835672,70.88045300520209,68.045234884994,73.71567112541017,1.4176090601040416,113.86003888661091,109.30563733114647,118.41444044207535,2.2772007777322183,63.83437289137096,61.280997975716126,66.3877478070258,1.2766874578274192,17.025137922453183,16.344132405555055,17.70614343935131,0.3405027584490637,3.079253463071997,2.9560833245491174,3.202423601594877,0.06158506926143994,18675.350701402822
72.44488977955912,70.85955038652834,68.02516837106721,73.69393240198947,1.417191007730567,113.92228510404644,109.36539369988458,118.4791765082083,2.278445702080929,63.85413358851773,61.29996824497702,66.40829893205844,1.2770826717703547,17.011144871876656,16.33069907700159,17.691590666751722,0.34022289743753314,3.080069918609763,2.956867121865372,3.2032727153541534,0.061601398372195255,18693.38677354711
72.59519038076152,70.83859871397108,68.00505476541224,73.67214266252992,1.4167719742794216,113.98445925756845,109.42508088726571,118.54383762787118,2.2796891851513688,63.87382456440225,61.31887158182616,66.42877754697834,1.277476491288045,16.997171709037346,16.317284840675853,17.67705857739884,0.3399434341807469,3.0808882641287907,2.9576527335636396,3.2041237946939423,0.06161776528257581,18711.4228456914
72.74549098196394,70.81759857142399,67.98489462856702,73.65030251428095,1.4163519714284798,114.04656119182027,109.48469874414747,118.60842363949308,2.2809312238364057,63.89344627231562,61.337708421422995,66.44918412320824,1.2778689254463125,16.98321839712226,16.30388966123737,17.662547133007152,0.33966436794244526,3.081708478407252,2.9584401392709623,3.204976817543542,0.06163416956814505,18729.45891783569
72.89579158316634,70.7965505374493,67.96468851595134,73.62841255894728,1.4159310107489862,114.10859075471814,109.5442471245294,118.67293438490687,2.2821718150943626,63.91299916191207,61.35647919543558,66.46951912838855,1.2782599832382413,16.969284899399554,16.290513503423572,17.648056295375536,0.33938569798799106,3.082530540414166,2.959229318797599,3.205831762030733,0.06165061080828333,18747.49498997998
73.04609218436875,70.77545518535594,67.9444369779417,73.60647339277017,1.4155091037071188,114.17054779739011,109.60372588549451,118.73736970928572,2.283410955947802,63.93248367926024,61.37518433208983,66.48978302643064,1.2786496735852049,16.955371179218275,16.277156332049543,17.633586026387007,0.3391074235843655,3.083354429306599,2.960020252134335,3.206688606478863,0.06166708858613198,18765.531062124268
73.19639278557115,70.75431308327784,67.92414055994672,73.58448560660895,1.4150862616655568,114.23243217411483,109.66313488715024,118.80172946107943,2.2846486434822966,63.951900266894455,61.39382425621868,66.50997627757023,1.2790380053378891,16.941477200008162,16.263818112007836,17.619136288008487,0.33882954400016324,3.0841801244268496,2.9608129194497756,3.2075473294039236,0.06168360248853699,18783.567134268556
73.34669338677355,70.73312479425202,67.90379980248194,73.5624497860221,1.4146624958850404,114.29424374226045,109.72247399257003,118.86601349195087,2.285884874845209,63.971249363866114,61.41239938931147,66.53009933842075,1.2794249872773222,16.927602925279388,16.250498808268212,17.604707042290563,0.3385520585055878,3.0850076052996447,2.961607301087659,3.2084079095116307,0.0617001521059929,18801.603206412845
73.49699398797596,70.711890876297,67.88341524124513,73.54036651134888,1.41423781752594,114.35598236222332,109.78174306773438,118.93022165671225,2.287119647244466,63.99053140579495,61.43091014956315,66.55015266202675,1.279810628115899,16.913748318622332,16.237198385877438,17.590298251367226,0.33827496637244664,3.085836851629328,2.962403377564155,3.209270325694501,0.061716737032586566,18819.639278557133
73.64729458917836,70.6906118824909,67.86298740719127,73.51823635779053,1.413812237649818,114.417647897367,109.84094198147233,118.99435381326168,2.2883529579473403,64.00974682492041,61.4493569519236,66.57013669791723,1.2801949364984082,16.899913343707368,16.223916809959075,17.57590987745566,0.33799826687414736,3.0866678432970525,2.9632011295651703,3.2101345570289346,0.06173335686594105,18837.675350701422
73.79759519038076,70.66928836104977,67.84251682660778,73.49605989549175,1.4133857672209953,114.47924021396102,109.90007060540258,119.05840982251947,2.2895848042792206,64.02889605015294,61.46774020814682,66.59005189215905,1.2805779210030588,16.8860979642846,16.210654045713213,17.561541882855984,0.337721959285692,3.0875005603579706,2.9640005379436514,3.2110005827722894,0.06175001120715941,18855.71142284571
73.94789579158318,70.6479207622356,67.82200393174618,73.47383759272502,1.412958415244712,114.54075925741839,109.95912888712165,119.12238962771512,2.2908151851483676,64.04797944618787,61.48606026834035,66.60989862403538,1.2809595889237573,16.872302144335876,16.19741005856244,17.547194230109312,0.33744604288671753,3.0883349861877045,2.9648015867401964,3.211868385635213,0.06176669972375409,18873.74749499
74.09819639278558,70.62650966724095,67.80144928055131,73.4515700539306,1.412530193344819,114.60220486486078,110.01811667026635,119.18629305945521,2.292044097297216,64.06699746320629,61.50431756467804,66.62967736173454,1.2813399492641258,16.858525847700726,16.184184813792697,17.532866881608754,0.3371705169540145,3.089171099745574,2.965604255755751,3.2127379437353967,0.06178342199491147,18891.783567134287
74.24849699398798,70.60505561501418,67.78085339041361,73.42925783961475,1.4121011123002836,114.66357690693745,110.07703383065996,119.25011998321494,2.293271538138749,64.08595052361129,61.522512502666835,66.64938854455573,1.2817190104722258,16.844769038359203,16.170978276824837,17.51855979989357,0.33689538076718406,3.090008881427967,2.9664085261708486,3.2136092366850857,0.06180017762855935,18909.819639278576
74.39879759519039,70.5835591275057,67.76021676240546,73.40690149260593,1.4116711825501138,114.72487526715351,110.13588025646737,119.31387027783964,2.2944975053430703,64.10483903854012,61.54064547699851,66.66903260008172,1.2820967807708024,16.831031680390502,16.157790413174883,17.504272947606122,0.3366206336078101,3.090848312214826,2.967214379726233,3.2144822447034187,0.06181696624429652,18927.855711422864
74.54909819639279,70.5620207215142,67.73953989265364,73.38450155037476,1.4112404144302841,114.78609983217162,110.19465583888476,119.37754382545847,2.2957219966434326,64.12366341561243,61.55871687898793,66.68860995223693,1.2824732683122486,16.817313737953526,16.144621188435384,17.49000628747167,0.33634627475907053,3.09168937326906,2.9680217983382975,3.215356948199822,0.06183378746538119,18945.891783567153
74.6993987975952,70.54044090873865,67.7188232723891,73.36205854508819,1.4108088181747729,114.8472504917725,110.2533604721016,119.4411405114434,2.2969450098354502,64.14242405896438,61.57672709660581,66.70812102132295,1.2828484811792877,16.803615175286698,16.13147056827523,17.475759782298166,0.33607230350573397,3.0925320459346253,2.9688307640972402,3.2162333277720103,0.06185064091869251,18963.92785571144
74.8496993987976,70.51882019583013,67.69806738799693,73.33957300366333,1.4103764039166027,114.9083271388152,110.3119940532626,119.5046602243678,2.298166542776304,64.1611213692827,61.59467651451139,66.727566224054,1.283222427385654,16.789935956707744,16.118338518439433,17.461533394976055,0.3357987191341549,3.093376311734609,2.969641259265224,3.2171113642039932,0.06186752623469217,18981.96392785573
75.0,70.49715908444382,67.67727272106607,73.31704544782157,1.4099431816888766,114.96932966919762,110.37055648242972,119.56810285596552,2.2993865933839523,64.17975574383887,61.61256551408531,66.74694597359242,1.2835951148767775,16.776276046613546,16.105225004749006,17.447327088478087,0.33552552093227095,3.0942221523693045,2.9704532662745327,3.2179910384640764,0.061884443047386085,19000.00000000002
